{"type": "Feature", "properties": {"nombre": "Ucayali", "fuente": "FAO GAUL 2015"}, "geometry": {"type": "Polygon", "coordinates": [[[-72.24292623549309, -11.324538154359066], [-72.24252486235083, -11.323209353690162], [-72.24343902002558, -11.318959829421532], [-72.24157952785491, -11.317037975300186], [-72.24147254275367, -11.314019156002429], [-72.23795881867144, -11.308730647608455], [-72.23522089197938, -11.29975895093442], [-72.23264351188345, -11.297970860088958], [-72.22933932018442, -11.297489246133015], [-72.22400623047558, -11.300820233757202], [-72.22162511242416, -11.30059726772206], [-72.21843682281357, -11.297520481604874], [-72.21591296827525, -11.292682359182745], [-72.21169911415987, -11.288691401040136], [-72.21037033195047, -11.282720721990914], [-72.20601821955165, -11.27699964695176], [-72.2011577896482, -11.265089455692094], [-72.19996722789897, -11.263809668588676], [-72.20186684660881, -11.260246870417635], [-72.20210316841363, -11.258249120946411], [-72.19818806355582, -11.250708841172164], [-72.19581585731783, -11.24146061237655], [-72.19779123618788, -11.236560071079186], [-72.19727394092749, -11.22873884551088], [-72.19976208278149, -11.214269061552445], [-72.20101066417493, -11.210380744857423], [-72.2007832882943, -11.205426677096247], [-72.1977599671439, -11.194301157079494], [-72.1956865326965, -11.192379338267383], [-72.18456999994957, -11.191447362413646], [-72.1832188586724, -11.189610191406912], [-72.18557770317784, -11.18432620985402], [-72.18480633604712, -11.179697637085063], [-72.1826614997437, -11.173499507171307], [-72.18203716969494, -11.166467455924645], [-72.18102493511313, -11.16502717312137], [-72.1781934610442, -11.163649363030204], [-72.17163854887589, -11.16339961858737], [-72.16706350656305, -11.16169179155934], [-72.16155210147018, -11.156898246600399], [-72.15363269560494, -11.154918394374524], [-72.14539228092222, -11.149821645058003], [-72.1374328411933, -11.140827665235083], [-72.13089128673319, -11.132529229037608], [-72.12238337593662, -11.12445828071473], [-72.11811599371104, -11.11553115831177], [-72.1183701924812, -11.113132183852164], [-72.12075135164577, -11.109096683176153], [-72.12155398620234, -11.10239913111449], [-72.123658687995, -11.100900901381877], [-72.12728391373395, -11.101030214959353], [-72.13096712723213, -11.099019100248276], [-72.13437830214072, -11.095211064886447], [-72.14282828338479, -11.092219006024905], [-72.14518718726306, -11.088281613920532], [-72.14702434763339, -11.086885889547192], [-72.14877228305012, -11.086729844015156], [-72.1597193718931, -11.090158858416846], [-72.16407589303317, -11.089900284640295], [-72.16763427234515, -11.085838020176555], [-72.16918161585312, -11.077289899719313], [-72.17410892759874, -11.070208871891944], [-72.18110528136354, -11.064661785600961], [-72.18300484454022, -11.060960676878269], [-72.18316535515433, -11.053558581467215], [-72.1801064195181, -11.049331356993958], [-72.17698499904027, -11.046388314446574], [-72.17547782623123, -11.039030839095092], [-72.17531731131899, -11.034990915590562], [-72.17363623759606, -11.029470508575741], [-72.1766416470431, -11.021310370771154], [-72.1790496213473, -11.017769805735274], [-72.18683520338473, -11.010470301353719], [-72.1810740104971, -11.006100356477887], [-72.17494277617514, -10.996651517350282], [-72.17247692366283, -10.996847717985267], [-72.16866878809077, -11.000878762664136], [-72.1660335041994, -11.002568792409827], [-72.15860908117362, -11.00404915474254], [-72.15688344013438, -11.003398184863274], [-72.15540300689246, -11.001578817867532], [-72.15431945402302, -10.993967135830976], [-72.1477823480193, -10.991982862041123], [-72.14463870337497, -10.990118910325098], [-72.1422976923293, -10.98729189401357], [-72.13688434264296, -10.985691100837002], [-72.1316359509905, -10.987746731151951], [-72.12941533086992, -10.98776903381162], [-72.12294076067117, -10.994529027829957], [-72.11515065650228, -10.997039469604852], [-72.10952779624965, -10.996018358377428], [-72.10559037374088, -10.992968321730547], [-72.10047132894567, -10.994270386068768], [-72.0924627488587, -11.003679035770976], [-72.08774054417124, -11.003759376686995], [-72.08329482384757, -10.998372742960113], [-72.07617370229254, -10.9919293149709], [-72.07221847409355, -10.990439978547588], [-72.06442838141277, -10.991701904551375], [-72.06107516356417, -10.991091059523942], [-72.05621475224012, -10.991737596453769], [-72.05313793945871, -10.990917144359322], [-72.05058290112554, -10.991229294756224], [-72.04823291195773, -10.988219344981328], [-72.05195626634494, -10.984429160654173], [-72.05129187266523, -10.981058094856675], [-72.04957509350037, -10.980478412329585], [-72.04760865623234, -10.981998920006506], [-72.04537908330956, -10.981459355557588], [-72.04389872013112, -10.982427005800094], [-72.04154433798685, -10.981909741680571], [-72.04017535541303, -10.983608638557055], [-72.03997027875047, -10.986498195742916], [-72.03734830513586, -10.987639712432024], [-72.03527038576391, -10.992027443465739], [-72.03298728005264, -10.991599343012357], [-72.03238975796232, -10.99078782284584], [-72.03233179608581, -10.986672039783203], [-72.02934416714268, -10.984540643551698], [-72.02791725634954, -10.979876388991942], [-72.02620495441805, -10.979118375393659], [-72.02334666519197, -10.979078224526635], [-72.01988193973413, -10.976750563785957], [-72.01917298406113, -10.977325818053009], [-72.01844612190104, -10.980670099283303], [-72.01676957569447, -10.980331200564242], [-72.01592234659877, -10.979220921753578], [-72.01597579019544, -10.976121858356166], [-72.01402269636887, -10.973919049999997], [-72.0140896143228, -10.972157695119718], [-72.01326019236036, -10.970730795284636], [-72.01268496717141, -10.96663731756205], [-72.00824816342039, -10.961099094737122], [-72.00535425382813, -10.958981071605585], [-72.00137222278437, -10.9545709657739], [-71.99429562969776, -10.951561064488516], [-71.97374814529208, -10.94786898298647], [-71.96610527078404, -10.94769062299648], [-71.95218833451146, -10.949938012876322], [-71.94386319471445, -10.949920121305276], [-71.93264856417755, -10.946410871135495], [-71.92616955509438, -10.946080875544038], [-71.90970652299386, -10.953790646216055], [-71.90322296174119, -10.953701497517592], [-71.89090697035408, -10.951449652718326], [-71.88257285062548, -10.951476414362741], [-71.86908858913978, -10.957059150501113], [-71.8617622280029, -10.959239634859031], [-71.85579600923964, -10.962731139923495], [-71.85182290055559, -10.966918252477392], [-71.84599483584086, -10.971457634254094], [-71.84082681018909, -10.978779472950908], [-71.83457065172091, -10.982707936432238], [-71.83090971512296, -10.986560575147788], [-71.82743160519603, -10.988000884448311], [-71.82549197613687, -10.989624005063167], [-71.82285215776997, -10.990480134233469], [-71.81899056725062, -10.99301291082401], [-71.80679488683526, -10.997079628600716], [-71.80587188496116, -10.998007140018652], [-71.80288876084794, -10.998649218542505], [-71.78761182632101, -10.998207756996576], [-71.7689906256022, -10.995657171641623], [-71.76236000825475, -10.995050732875239], [-71.74919674641407, -10.994100910486509], [-71.7253539407799, -10.990270597464878], [-71.70176076942079, -10.98840221660033], [-71.69912989790726, -10.987519298966017], [-71.69148256375438, -10.987180420616], [-71.67840399124289, -10.98535215536155], [-71.65293805977642, -10.984090222247364], [-71.64099664827417, -10.98545025629754], [-71.63633690271466, -10.986859368983712], [-71.62816779679625, -10.98825951273382], [-71.60923888098283, -10.989610640505962], [-71.58487887162376, -10.9891780595031], [-71.57182259821639, -10.987657521905415], [-71.54982582379648, -10.986359904247527], [-71.54119304865065, -10.984620859568517], [-71.52242017546934, -10.983867322946205], [-71.51677496543385, -10.982498313083152], [-71.5073172612949, -10.981726916286844], [-71.50240327340791, -10.980331224038471], [-71.48644418086336, -10.97914060410388], [-71.47220630490634, -10.976139646527843], [-71.4643805190785, -10.975261257051569], [-71.44648613725062, -10.970819953483616], [-71.42135469669834, -10.967399833006338], [-71.40814240973974, -10.968206898018162], [-71.40332209096935, -10.967538032641135], [-71.38918229502008, -10.967560398409882], [-71.38601630573312, -10.966909312316702], [-71.38067427071702, -10.967127833854201], [-71.37829764207366, -10.967930490243653], [-71.36487575645835, -10.967069839844978], [-71.3571481301841, -10.964661913588065], [-71.34419883268728, -10.956640032545621], [-71.33336323013907, -10.94801613742558], [-71.31395721564783, -10.92580976494848], [-71.30871780926972, -10.917417803250766], [-71.30160996254271, -10.908918744432414], [-71.28544131709486, -10.882320200771595], [-71.26954015500749, -10.861469403492823], [-71.26397068448031, -10.851646000580192], [-71.25992630521685, -10.846540327907602], [-71.24829693501664, -10.822519179196323], [-71.2436282656626, -10.808562195607982], [-71.24315559483858, -10.80491021113492], [-71.24027949587118, -10.796901670067976], [-71.23841118014123, -10.783261225888571], [-71.23816591374191, -10.769259693228193], [-71.23707789342767, -10.762441729338834], [-71.23631091157668, -10.730148942571503], [-71.23403678597838, -10.701748917799213], [-71.23217732254632, -10.689950100822912], [-71.22744174569802, -10.6745572962017], [-71.21317266589385, -10.64712936344664], [-71.20359892086157, -10.636860021690214], [-71.19181800872522, -10.622069204941768], [-71.18247172611827, -10.605418931835322], [-71.1739503449953, -10.593967961348216], [-71.16890710435123, -10.584398743249272], [-71.15014768075673, -10.559918290644104], [-71.1273260193464, -10.53515237673288], [-71.11178605353703, -10.523549863332287], [-71.0845587724823, -10.509409985762884], [-71.07772747865124, -10.504701180999286], [-71.07260839881027, -10.500028044032705], [-71.06075161797442, -10.492001665669765], [-71.04514925178027, -10.477081503167426], [-71.02987684320695, -10.465889234201994], [-71.01592429767065, -10.45729201307177], [-71.01290100611887, -10.454447166449194], [-71.0082412834891, -10.45188765803857], [-70.99389631074897, -10.43992829471278], [-70.97682686681453, -10.423451943273747], [-70.96526448847703, -10.408527315420534], [-70.95465180539072, -10.400402849448774], [-70.938661445642, -10.391417720506766], [-70.9236209318101, -10.379079398444084], [-70.90853127308519, -10.369568119812254], [-70.89433353856771, -10.35607934519816], [-70.88971833405041, -10.349800927876261], [-70.88610649164885, -10.34190837555789], [-70.8675476941864, -10.312308829043435], [-70.8559718755077, -10.28352980936727], [-70.85388952423175, -10.261439382967064], [-70.85301994712707, -10.258590086459757], [-70.85206572378343, -10.241868413748502], [-70.85147266722807, -10.216629900481214], [-70.85062984876527, -10.212581076758035], [-70.85053177688995, -10.187788479265564], [-70.85111149839231, -10.186811865819475], [-70.85053177688995, -10.184506562736988], [-70.85077700189933, -10.169818248648097], [-70.84913608747131, -10.160828721569887], [-70.84379406941257, -10.143478391733181], [-70.84269711607139, -10.136910099820183], [-70.83857691674895, -10.122360020012671], [-70.82840127540987, -10.097308814776342], [-70.82347844926572, -10.088698269103766], [-70.8213558443596, -10.086268081157538], [-70.81633050676119, -10.078049939032937], [-70.8090309291531, -10.070719237411446], [-70.79196152778236, -10.056360874515658], [-70.78264638618586, -10.0471082426876], [-70.76167523757914, -10.030551587119835], [-70.73105019878075, -10.00389955148246], [-70.70411724045618, -9.98378898840147], [-70.69029846504122, -9.975941018935917], [-70.67336275586752, -9.969551140732573], [-70.66734300464454, -9.962256046723653], [-70.66269665306712, -9.960071062859537], [-70.65541936038899, -9.953217390684891], [-70.65251198866157, -9.94628796297205], [-70.65290889090411, -9.938368594390177], [-70.65561558670292, -9.930409093765329], [-70.6552499086468, -9.925611120411338], [-70.64955114031319, -9.916880194523971], [-70.64747321699988, -9.906771438133328], [-70.64147129605936, -9.896680504313935], [-70.64061511750192, -9.888921674740256], [-70.63767216808706, -9.88482817861116], [-70.63168800725809, -9.881198475145965], [-70.62674732066307, -9.879847372956931], [-70.6268766633963, -9.832139445132771], [-70.63034140212719, -9.825040580454402], [-70.62872267546877, -9.822686135141275], [-70.61936755779028, -9.819680762503747], [-70.61723159569362, -9.813607451974725], [-70.61360192746774, -9.80804690436217], [-70.6129508390583, -9.805166336257257], [-70.60922310763398, -9.801197743103133], [-70.60222677293079, -9.80012757087746], [-70.5997474377835, -9.800805320615408], [-70.5802389214081, -9.782108343373675], [-70.57330054873353, -9.78106935850457], [-70.55862120938666, -9.786099232760302], [-70.55426914156038, -9.78303142130342], [-70.5430901810456, -9.76005812278911], [-70.5358307425303, -9.751639326592256], [-70.52465174090328, -9.74201208583556], [-70.52239989672819, -9.738288791760453], [-70.51980913798273, -9.727890146100119], [-70.5243708510262, -9.718998663729996], [-70.52648886948313, -9.703851148946185], [-70.53216980025752, -9.685091716638505], [-70.53719521437893, -9.67852787571654], [-70.55612858597945, -9.669239611006063], [-70.5693497528505, -9.65497049305335], [-70.58524198088442, -9.633388410436426], [-70.58937111248424, -9.622650888912306], [-70.59065982517221, -9.614851921883178], [-70.58505916108624, -9.604181257816883], [-70.58538921703865, -9.598660931231356], [-70.59807977519995, -9.574501498009955], [-70.59627830844035, -9.571701215570059], [-70.59351809213778, -9.570510611897737], [-70.58468017742844, -9.572659908191056], [-70.56904210834949, -9.58044105598646], [-70.5641683371377, -9.580588230175888], [-70.56073037059956, -9.578688626746356], [-70.55896898465967, -9.573591900945218], [-70.56634882657875, -9.548611958448967], [-70.5646186879574, -9.542110574855895], [-70.57129837546461, -9.530958360591749], [-70.56659410835573, -9.527939560156568], [-70.54666189757239, -9.523850627958641], [-70.54070006556424, -9.520519618606887], [-70.53983055024545, -9.51705049033788], [-70.54152055694244, -9.51339842382047], [-70.54782126569751, -9.510517855047253], [-70.55019791214971, -9.506888131630511], [-70.54751805637365, -9.501541731180463], [-70.54293857499574, -9.498928636357636], [-70.53854188913938, -9.49886174844961], [-70.5275591327498, -9.504408930377096], [-70.52549894887129, -9.50299087490648], [-70.52305981773561, -9.496971156756489], [-70.51441813551003, -9.48853004363932], [-70.51493979810446, -9.48555133521997], [-70.52190048421534, -9.484762093051813], [-70.52660035345292, -9.480468017696019], [-70.52228841184646, -9.47429212246094], [-70.52565954782372, -9.466301437858533], [-70.52364847127993, -9.462350685894604], [-70.52020160649688, -9.46113776457989], [-70.50925005218107, -9.451978840041717], [-70.50108097071013, -9.443328109293482], [-70.49635880728319, -9.435422184876533], [-70.49685815367083, -9.432898299079557], [-70.49989925361007, -9.43157843819499], [-70.51122986317645, -9.432010926635174], [-70.52604747261572, -9.43677328093002], [-70.53060023336306, -9.436478980023534], [-70.5331106847153, -9.438128794537807], [-70.56943009079039, -9.438989472688105], [-70.59081141685193, -9.446708175826236], [-70.60088008719399, -9.453329918062064], [-70.60608835309465, -9.46030840913372], [-70.62980179691404, -9.481190354642896], [-70.63613824033173, -9.488891276612916], [-70.64402638967483, -9.503789093443705], [-70.65075955200433, -9.515329264069013], [-70.66370880894995, -9.529589441813556], [-70.67840152917739, -9.537201157560599], [-70.70092892138281, -9.545869597651725], [-70.72369708788362, -9.562060619839729], [-70.73181265499935, -9.566176375551144], [-70.74452113404227, -9.569400301193827], [-70.74885978719264, -9.573377830388951], [-70.76135864182011, -9.600511480991146], [-70.7681588241305, -9.608907968081791], [-70.78072012747492, -9.619021202285653], [-70.7881578966443, -9.631560179233755], [-70.79576068120662, -9.638115066065014], [-70.80550381176784, -9.64367108346123], [-70.81452896385704, -9.646961869215655], [-70.83002883829195, -9.64813911937143], [-70.85796068287019, -9.66725078201222], [-70.87288080790776, -9.675781112680243], [-70.8815403690789, -9.684431758957418], [-70.88981204288942, -9.702281510671678], [-70.89705804303145, -9.712069229432368], [-70.9026586723673, -9.72319912091127], [-70.92803095937705, -9.744098932265326], [-70.9431918647925, -9.75240177127803], [-70.9505092608777, -9.758270025103597], [-70.96575943459851, -9.77484889666411], [-70.97233208661456, -9.78393211743464], [-70.9773218901354, -9.804261132112067], [-70.98183004029839, -9.812390070918296], [-70.98731918732015, -9.816621760454044], [-70.99575578963709, -9.818365330751265], [-71.00837949519625, -9.818570374987184], [-71.0208114691294, -9.823600274726397], [-71.02590824986085, -9.823907931074125], [-71.03755093315405, -9.820648351865598], [-71.04374911861078, -9.820621605611054], [-71.05437069642409, -9.827938955362928], [-71.06568785929191, -9.831889720656054], [-71.07947097059608, -9.839461321614806], [-71.09336106041576, -9.850198835186116], [-71.12576088916285, -9.858800434018802], [-71.13128120282846, -9.861868289777307], [-71.14428847052858, -9.874951258011894], [-71.15293016106706, -9.885898351256689], [-71.16553158172879, -9.910931771978607], [-71.16994164841931, -9.924799579829655], [-71.17989885982446, -9.940821108406599], [-71.19526935867113, -9.95139814551556], [-71.26146914526794, -9.97446946701176], [-71.27931897661394, -9.990370687689053], [-71.28828173036092, -9.995801853052685], [-71.29567049277063, -9.997968983362753], [-71.30497214652921, -9.996501888520653], [-71.3157097094224, -9.991587960588243], [-71.33517806613376, -9.976690135178563], [-71.34028824789975, -9.976070291157791], [-71.35009829434028, -9.987030777356589], [-71.35515490072038, -9.99450420934844], [-71.36287803846851, -10.000778179925943], [-72.16473144434498, -10.002321037422785], [-72.1645396507748, -9.979089139642424], [-72.15897026055102, -9.960619544676847], [-72.16668896067512, -9.934020964049559], [-72.16540922842279, -9.92457212690926], [-72.15352124860594, -9.907190612570874], [-72.14833977441589, -9.897228980671313], [-72.14571777302903, -9.884319836367679], [-72.14696188889158, -9.87697123931105], [-72.1559514703763, -9.861431296623056], [-72.1579089558984, -9.852250026497838], [-72.15657576661789, -9.836808146110103], [-72.15703058822204, -9.828318010248873], [-72.15993792259154, -9.817767799496044], [-72.16655076541151, -9.807262145594063], [-72.1780284286898, -9.796350693101722], [-72.1920211359114, -9.789149298425208], [-72.20946067646187, -9.783361331834463], [-72.246711963941, -9.767678706803256], [-72.25629013490628, -9.761337816243689], [-72.26066451415122, -9.753686012885314], [-72.2624704820686, -9.74760831565193], [-72.26277813153914, -9.740250778547281], [-72.25146987220226, -9.69549922589196], [-72.24746111596183, -9.661641308047054], [-72.24915115079133, -9.65476085436851], [-72.25786871052196, -9.641749255396558], [-72.26148058033974, -9.629598174713866], [-72.26453059768745, -9.625718785100476], [-72.27525025507069, -9.62077807449387], [-72.2873789664372, -9.611940169561086], [-72.29140106457994, -9.605090969574544], [-72.29285919633672, -9.592070358431508], [-72.29104881710845, -9.573801467869318], [-72.28878806254446, -9.56894995559921], [-72.28648717666721, -9.547390187378934], [-72.28654960475421, -9.542471779420852], [-72.2886988931807, -9.535600350801657], [-72.29244895074473, -9.531961676502295], [-72.29919113976901, -9.529732116561235], [-72.30566133739808, -9.530030910854448], [-72.31786144257171, -9.536599180304389], [-72.32041202158338, -9.536171088011171], [-72.33044057788304, -9.530071071625379], [-72.34301516519442, -9.51512862547774], [-72.34923115825437, -9.504747815174799], [-72.35852841978532, -9.494389279917204], [-72.3635582608255, -9.490670452953337], [-72.37999010942475, -9.49063028944115], [-72.39536056256007, -9.48251920599569], [-72.4201621097629, -9.480258438917758], [-72.43317825539097, -9.474880755725517], [-72.43712010544239, -9.474697944622962], [-72.4465421158755, -9.480780125739589], [-72.47730993641633, -9.48250136566753], [-72.49516868140843, -9.47900984111788], [-72.51712972971718, -9.482010881333432], [-72.5243088886691, -9.48161844160599], [-72.54187327326879, -9.472272132177725], [-72.55414028445301, -9.462390807148978], [-72.57042933861591, -9.454739007841066], [-72.58365953970129, -9.450739135432894], [-72.59273826116134, -9.44532133689203], [-72.61011980549405, -9.44365810500696], [-72.61873921471387, -9.438217996771867], [-72.62292190107787, -9.437348509103774], [-72.63101070067341, -9.438119947160565], [-72.64208712372303, -9.442797510595266], [-72.65944195278219, -9.44162919688293], [-72.6718605124137, -9.43718793651868], [-72.69362097790066, -9.436238210375459], [-72.70793469406394, -9.43053496211218], [-72.71407033743571, -9.426548509012902], [-72.72063859181323, -9.417179972595203], [-73.19613043788226, -9.418250134113359], [-73.19727191848453, -9.415851157696917], [-73.18668160781476, -9.383919563792427], [-73.18121027433419, -9.374212046779514], [-73.17454833552443, -9.367501088973572], [-73.1421217535711, -9.34732812176249], [-73.1282985312567, -9.336318606890009], [-73.11362811199346, -9.321478761232408], [-73.10725163451191, -9.309929655221616], [-73.09980046468037, -9.28710800820384], [-73.07219860419828, -9.241130198718102], [-73.06505964357493, -9.238312032147974], [-73.02533795753419, -9.231770537203095], [-73.02074055716535, -9.22920659537249], [-73.01280337648834, -9.218085573929882], [-73.01159944768924, -9.216021028955291], [-73.0089105849582, -9.206108409750279], [-73.00920931897858, -9.19760941352003], [-73.01423918231056, -9.178341568207157], [-73.01312003287754, -9.173498988617645], [-73.00945012570868, -9.16909787124622], [-72.98682024046052, -9.16730083874699], [-72.9700093959492, -9.160028079424643], [-72.96519799393866, -9.154240120934224], [-72.95747042421476, -9.138771551381911], [-72.94807058094538, -9.10465942286058], [-72.94815979177186, -9.087505222947375], [-72.94490916191704, -9.069691154866335], [-72.94476200707813, -9.05980086321789], [-72.95409935516058, -9.023098040295716], [-72.95372918433073, -9.012521002485123], [-72.94614424970453, -8.989641372474326], [-72.94818213952921, -8.986270318042473], [-72.96368196484457, -8.984098685564728], [-72.97157899578164, -8.97934084933706], [-72.98179925028275, -8.945170720463416], [-72.98813115104477, -8.934879178603666], [-72.99325020946094, -8.929858176992473], [-73.00021983487918, -8.925791474462626], [-73.01430161236765, -8.922286611182699], [-73.03699847195884, -8.919428382547437], [-73.04766020715415, -8.915379487620891], [-73.05883917260567, -8.904209483232453], [-73.06422129840591, -8.895509763569295], [-73.0721183569638, -8.86265065297098], [-73.07775910223172, -8.851030198114906], [-73.08918778335831, -8.837099968140837], [-73.10057186104856, -8.828690127045942], [-73.1064088503008, -8.820690516940441], [-73.11390906157196, -8.80603787968075], [-73.11912178430514, -8.790448824945347], [-73.1319995965473, -8.767569248332135], [-73.15419257081713, -8.719464442945387], [-73.16922867191548, -8.701208887783737], [-73.17572107354555, -8.697811035813928], [-73.18380989220327, -8.696031821099215], [-73.24917141060463, -8.689869408384135], [-73.25786663191458, -8.686079170888242], [-73.28281092249736, -8.667127974270757], [-73.2874616824148, -8.661652207816092], [-73.29455168229225, -8.640101347692037], [-73.29944782210616, -8.631869860111877], [-73.31200910667712, -8.623477828728433], [-73.33141063301495, -8.6157813982421], [-73.33768014874985, -8.609159667613964], [-73.34188950130012, -8.60252900066907], [-73.34386042873534, -8.585307907993023], [-73.33698000643125, -8.548489153721054], [-73.33336816116326, -8.53858100432422], [-73.33025122112517, -8.522929588511492], [-73.32810195676254, -8.502011915291666], [-73.32956005110178, -8.49191203727747], [-73.33350642891746, -8.482708460924709], [-73.338210718935, -8.47588159887748], [-73.34284825042714, -8.471551770768107], [-73.35371947587694, -8.4679488112507], [-73.3774285799199, -8.472260777733531], [-73.3869219457756, -8.468189642245264], [-73.39287041026833, -8.461987031573189], [-73.39670079248381, -8.454928288395553], [-73.40423221304643, -8.43291813261113], [-73.41006913903234, -8.421707941562282], [-73.41633862639628, -8.415309138299582], [-73.42744183677753, -8.410341735241028], [-73.44706184056871, -8.407251591880128], [-73.46253938696022, -8.402310896188457], [-73.47387888099459, -8.396638853175979], [-73.47690213434757, -8.393209867619213], [-73.48661852412229, -8.387069621878783], [-73.51273108069806, -8.37737111253191], [-73.52245193308966, -8.372140559346994], [-73.52568921123499, -8.368720463018176], [-73.52925197506207, -8.3538091907206], [-73.53041138818601, -8.318430726509542], [-73.53428189418675, -8.291118744389914], [-73.53343023620907, -8.280550691143322], [-73.53615020899814, -8.266134368439745], [-73.53770197252736, -8.262660721427705], [-73.56921000471199, -8.235067814205447], [-73.57803901650948, -8.222939037663823], [-73.58108017849827, -8.214921646347662], [-73.58347911125527, -8.201379280129473], [-73.58162865219717, -8.16737864189652], [-73.59117998495903, -8.114841577788237], [-73.59653985993329, -8.103617954770112], [-73.61860791990152, -8.073197973873768], [-73.62375821367965, -8.061060314408659], [-73.62643810505128, -8.03604030119144], [-73.62856063042969, -8.029628114046416], [-73.63228844957011, -8.022301793720409], [-73.63923131784567, -8.016598614259216], [-73.64832339997342, -8.01269244251342], [-73.66204847528425, -8.01122985582405], [-73.67151075105761, -8.008300211952951], [-73.67900202927305, -8.000001819934651], [-73.67716931456953, -7.993990977729276], [-73.68481225271098, -7.983008187626936], [-73.69174166162414, -7.977068735335818], [-73.70741983586309, -7.970259676967413], [-73.73298837687287, -7.963249908509744], [-73.74566113400365, -7.957341632944992], [-73.75535965980588, -7.950042099261809], [-73.75957793459646, -7.947335394543355], [-73.76388095744875, -7.941632225955943], [-73.76483076832153, -7.939750453661903], [-73.76837133268535, -7.919800477429082], [-73.77774882584133, -7.8796819187359946], [-73.77666074284573, -7.869118325837336], [-73.77275908938087, -7.865430657218662], [-73.76579395094737, -7.863954673369013], [-73.75873071362427, -7.865368189364743], [-73.74928194183072, -7.8708395737256085], [-73.73820994216585, -7.875610792404197], [-73.72217947303409, -7.875757926431165], [-73.71567808475733, -7.875280776010614], [-73.70830723326053, -7.8729397395084275], [-73.69662887314189, -7.865100699528837], [-73.69047080571177, -7.8538280718027025], [-73.68509317685994, -7.826346584987471], [-73.68494148864484, -7.808131180199501], [-73.69031032040931, -7.789567951630087], [-73.69657085952396, -7.77904000736948], [-73.70373218299031, -7.771718137979463], [-73.71412191574927, -7.764877916856229], [-73.74646818772258, -7.7491015851080345], [-73.78834810108167, -7.733178156079033], [-73.81319862569866, -7.721918968476663], [-73.81896871006026, -7.7180395207875385], [-73.82867174804562, -7.708211684011654], [-73.84093872581938, -7.688752129427719], [-73.84555837704214, -7.685100133314647], [-73.85572959173454, -7.673430710318268], [-73.87187151404534, -7.662251715752409], [-73.87856904951843, -7.655848444864109], [-73.90037406542719, -7.6280191619395685], [-73.91092880633013, -7.616960585654252], [-73.93723745075613, -7.595530184370179], [-73.94716791507915, -7.584962079443548], [-73.95480188875968, -7.574429678018653], [-73.96680131562141, -7.565070057307346], [-73.97233056187068, -7.561881814101957], [-73.97555010545582, -7.560972163077608], [-73.98156092381838, -7.553418459812757], [-73.98504798755351, -7.5433319639948335], [-73.98552953203803, -7.537129321527242], [-73.98227885915365, -7.531029280287457], [-73.98535117240606, -7.530868749791816], [-73.98761190659376, -7.531782899853523], [-73.99318583737296, -7.524599277166737], [-74.0000394159721, -7.518039884068432], [-74.00936787990119, -7.515850468172445], [-74.01870521307544, -7.510321182625549], [-74.03320182146079, -7.499512386715274], [-74.04208876941867, -7.487807185355037], [-74.04651662394846, -7.48394116752393], [-74.05481508806214, -7.479210039907876], [-74.06960141531222, -7.472338619137992], [-74.07701691152275, -7.469712209937266], [-74.08405335505236, -7.46574800194426], [-74.09075990156656, -7.464281031204295], [-74.10392762340095, -7.463522943225357], [-74.13400868447208, -7.4681202681153644], [-74.15049843903248, -7.468731207154721], [-74.17076950046312, -7.4672597023752605], [-74.18672417601474, -7.463522964601258], [-74.1931541926952, -7.4599199667171385], [-74.20436881105368, -7.449476791018533], [-74.23017364496347, -7.416069196908153], [-74.25534079412257, -7.388520860888689], [-74.26526673520608, -7.381252535463157], [-74.2799729296268, -7.3738281221990825], [-74.2896134601823, -7.370599737913872], [-74.32048827126027, -7.357391899934062], [-74.32982563426945, -7.354488977301663], [-74.3454905019569, -7.347889510184734], [-74.3557285847867, -7.345419199521485], [-74.36342493055257, -7.342480634000131], [-74.37037668422298, -7.3372278123287815], [-74.382188847345, -7.324037824656804], [-74.38651869566615, -7.320327871072211], [-74.39388954920446, -7.317340227492701], [-74.4165105838842, -7.311480962732772], [-74.42237877985666, -7.310268083343233], [-74.43068601507387, -7.307378594647678], [-74.4451067461525, -7.304529225711417], [-74.45662906790052, -7.300502666966732], [-74.46185518012, -7.301470276850276], [-74.47292261361525, -7.298259751241624], [-74.48478831424114, -7.297751410867104], [-74.49643099628717, -7.292931083687464], [-74.49983334328527, -7.296351248316848], [-74.50155452225243, -7.299191721350842], [-74.50390001269616, -7.300640934194203], [-74.51172574705586, -7.299200631797865], [-74.51927949860935, -7.30196968837695], [-74.5241443203605, -7.308011823298825], [-74.52755113479358, -7.313848760954502], [-74.53559976442297, -7.32154073577177], [-74.54091059767477, -7.324439166046289], [-74.5527717728368, -7.347069032286461], [-74.56194858864457, -7.355942660469482], [-74.56735300865435, -7.364651301994851], [-74.57256570960283, -7.374349806217451], [-74.57762684103481, -7.388150756360804], [-74.57755104537617, -7.391619977127057], [-74.57904925481304, -7.395298724200871], [-74.58808784237588, -7.4039895095401915], [-74.59498612007368, -7.415391407941031], [-74.59982424130804, -7.425798923828136], [-74.6122383803432, -7.446850356648889], [-74.61295176931672, -7.4569190130342085], [-74.61400419807381, -7.460927723407321], [-74.62319437850532, -7.478518873233364], [-74.62806816274403, -7.484141800256752], [-74.63152395038318, -7.486148429148038], [-74.63735203299434, -7.492489250593089], [-74.64150339102589, -7.499369634092081], [-74.64273862887532, -7.504328178410024], [-74.64145880614387, -7.510579873197465], [-74.64531593619277, -7.51432991945331], [-74.64585103128303, -7.515801409183292], [-74.64120023146873, -7.533240980326578], [-74.64083899466631, -7.5408704851939685], [-74.64247996678769, -7.546181325951274], [-74.64617214114045, -7.5541095618475085], [-74.6479245647696, -7.559407032954565], [-74.64759014576171, -7.564530525392386], [-74.64416103999352, -7.572739675174224], [-74.64324692777531, -7.57673057923989], [-74.64111552896766, -7.578469673606728], [-74.63033339808564, -7.582380248302159], [-74.62551311362382, -7.586603017266511], [-74.61797275356027, -7.596760875052929], [-74.61193070083257, -7.603306853108964], [-74.60756075230216, -7.609982116417683], [-74.59922224289835, -7.615979599293879], [-74.59655567565036, -7.615970667896339], [-74.5952759553792, -7.617919345193273], [-74.59493258583966, -7.623207825838575], [-74.58925616461961, -7.629851895223085], [-74.58526522828052, -7.630837338603584], [-74.58009268449618, -7.635100263938668], [-74.57713184472983, -7.63629977210174], [-74.5768286610276, -7.642167945345142], [-74.57372063989244, -7.6491196499092675], [-74.57331930673676, -7.656838339787267], [-74.57158471446483, -7.666349578762263], [-74.57166498197527, -7.671152039084457], [-74.57258805566873, -7.674326965839719], [-74.57514308580906, -7.678910889870168], [-74.57647631656411, -7.679740280812109], [-74.58000795187706, -7.679811677128295], [-74.5833344803872, -7.68419049426821], [-74.58364212160028, -7.694990429973886], [-74.58425302284917, -7.700207594857266], [-74.58220633874454, -7.705237406037339], [-74.57596799897115, -7.711087754874811], [-74.57273965130365, -7.71922120265534], [-74.57166498197527, -7.727880728220807], [-74.56915897340627, -7.731880529227238], [-74.56334878403598, -7.735380952633221], [-74.55680726092176, -7.741579114524813], [-74.54847765589459, -7.740571392134574], [-74.54692143133492, -7.741971513360196], [-74.54627043758344, -7.748829609509554], [-74.54406757178575, -7.752231863949069], [-74.53803893786552, -7.754367789152548], [-74.52789892939414, -7.7550679280073584], [-74.51994829670065, -7.760102240027169], [-74.51832520513203, -7.762438782459904], [-74.51911006339199, -7.766608081031989], [-74.523506742274, -7.772578771529188], [-74.52469284486789, -7.776841721225639], [-74.52155358048567, -7.781421191352116], [-74.52379651827152, -7.7858178533353515], [-74.52620000430197, -7.786856806368603], [-74.53344602534172, -7.787320600239697], [-74.54769284057531, -7.790981478114148], [-74.5492624676681, -7.792658100667472], [-74.55103277330964, -7.797790577337654], [-74.55455098205049, -7.799649951664113], [-74.56069113846631, -7.808929371505378], [-74.5687086460059, -7.815720603127152], [-74.57209751416613, -7.825098044814436], [-74.57686879357061, -7.833610502522922], [-74.5799410953086, -7.837289264689865], [-74.58184953627281, -7.841480834266005], [-74.59561932423458, -7.863098517107944], [-74.60307487123325, -7.8732385168733865], [-74.6087736252269, -7.882580371380882], [-74.62132151391769, -7.900068958480313], [-74.63426181398076, -7.91964883040613], [-74.64808502848, -7.938550983613516], [-74.65451060057372, -7.945681045685463], [-74.66790131525855, -7.957207827119387], [-74.6870264258928, -7.971387806691914], [-74.70504116343804, -7.980907944861856], [-74.71650552609937, -7.9851619783387235], [-74.73165754991246, -7.988978954788057], [-74.74288106080141, -7.993219592177777], [-74.76086911925658, -8.001660630170514], [-74.7701217851899, -8.007667025774579], [-74.77625747786526, -8.009629057253], [-74.78939839613372, -8.006061735732667], [-74.79827206846781, -8.006650346288826], [-74.81497137580155, -8.01312050842196], [-74.83100187799701, -8.022150235234708], [-74.84617618285634, -8.027911394136513], [-74.85388149647622, -8.029859983128343], [-74.86911821117786, -8.03084103445154], [-74.8959887848719, -8.025837917792467], [-74.90475985615214, -8.023050927216547], [-74.93260249773007, -8.01675021036367], [-74.95453681650687, -8.011408219116056], [-74.96790516971684, -8.008211035058961], [-74.98545175558375, -8.001959401219768], [-75.0058966796701, -7.990330095768121], [-75.02014795286877, -7.9861607948944515], [-75.05388551414802, -7.979498868487662], [-75.06543463540845, -7.979186803573694], [-75.0760249547788, -7.982499913382554], [-75.08249071262584, -7.985130779917654], [-75.09088276007063, -7.987467353607827], [-75.1066679179723, -7.9945572585384115], [-75.1235723969626, -8.002770938985966], [-75.15611045138449, -8.015648836617567], [-75.16439990978441, -8.018850484177184], [-75.17054010261936, -8.021757795442825], [-75.18087625925008, -8.02474095742784], [-75.19734820505695, -8.034060461478601], [-75.20522295858983, -8.042648668970607], [-75.20871446078206, -8.051999403959174], [-75.20993624104574, -8.0668616129617], [-75.21051151263981, -8.084430461022906], [-75.21495717485072, -8.098721863193841], [-75.21704404860083, -8.103421789304551], [-75.2177976276116, -8.118310686339182], [-75.22021005310627, -8.122288228483006], [-75.22371929267753, -8.125289242663833], [-75.2296053889637, -8.13513048772796], [-75.23064877566729, -8.139598482840317], [-75.23129091794559, -8.145225831081447], [-75.23503208065638, -8.15009967916375], [-75.24343298793204, -8.151227837337299], [-75.2455956783811, -8.150911251284388], [-75.25168683476124, -8.152940099359038], [-75.25712690702505, -8.152231136946243], [-75.26207653380568, -8.147321638364057], [-75.26557690529513, -8.14055715523637], [-75.27192671710492, -8.136557405376482], [-75.27420079465149, -8.132909859038616], [-75.2798237661804, -8.131790594812166], [-75.28479117690256, -8.128397241893548], [-75.28531740193617, -8.127460825568354], [-75.29065937873595, -8.124531205027791], [-75.29535929656934, -8.122997265449428], [-75.31826122046566, -8.124968164947953], [-75.3226712217773, -8.126618054663025], [-75.32747816998808, -8.1303369266617], [-75.3353261931993, -8.13447944511068], [-75.34265250208836, -8.140989688560927], [-75.35404098024765, -8.148507755836471], [-75.35954805842361, -8.150750706788113], [-75.36589780794908, -8.151749499761408], [-75.37422734990831, -8.15602136376558], [-75.37837878669528, -8.156529714457088], [-75.38092939685285, -8.158759226028035], [-75.3889335058543, -8.159865089924663], [-75.39296448278803, -8.163998672864121], [-75.39612597579965, -8.165889320849184], [-75.4042817007324, -8.16700858111782], [-75.4116035333512, -8.169630519995097], [-75.41599135889658, -8.172381811059399], [-75.42359857154563, -8.186338749450748], [-75.4329537037593, -8.189910474209672], [-75.43628025988131, -8.192389744198499], [-75.44085077628723, -8.19379886793201], [-75.44357084737972, -8.196527835117536], [-75.44571568247639, -8.197339354387433], [-75.4490421344523, -8.203015788977895], [-75.44892176543276, -8.20659201246075], [-75.4537420514984, -8.209989875997152], [-75.45559703325371, -8.212518151495907], [-75.45768836059409, -8.216361881741935], [-75.45845088866928, -8.221235689137822], [-75.46120210897676, -8.225266731950807], [-75.46607151196419, -8.22715295391436], [-75.47134216475906, -8.227750401206311], [-75.47696060666635, -8.231554042783], [-75.48496912848219, -8.242599209121881], [-75.48705604659601, -8.243620357257807], [-75.48878610193918, -8.243549019318], [-75.4958404072455, -8.251000217895916], [-75.5006339452798, -8.257960869455923], [-75.51146062995402, -8.271155308762397], [-75.51239705195208, -8.27620304654172], [-75.5110325823718, -8.281950798684218], [-75.51108607727909, -8.307755657819156], [-75.50885207095138, -8.313998406982213], [-75.50583770886415, -8.316709484391447], [-75.50008100640474, -8.325654424265618], [-75.49619269162986, -8.330327581055146], [-75.49427973476915, -8.333747750259775], [-75.49060989951909, -8.33638302311714], [-75.48349766528668, -8.338951542531941], [-75.47553812822055, -8.349189575063829], [-75.47417367747268, -8.353474785404002], [-75.47484697160718, -8.35678347271723], [-75.47967620173333, -8.359499070268866], [-75.48073743290855, -8.363605857609599], [-75.47924815192053, -8.366044971302347], [-75.47933285539634, -8.368805172457478], [-75.48043870687046, -8.371725922882606], [-75.4803763129604, -8.376773627974181], [-75.4786862458026, -8.379168103711313], [-75.47543111292478, -8.379319729154473], [-75.4726620211239, -8.382383158283046], [-75.46524208904381, -8.38658811886176], [-75.46197804176981, -8.387618134056304], [-75.45655131719357, -8.387118705229447], [-75.44987600285768, -8.384403146200158], [-75.44623744015041, -8.38532171066513], [-75.44357973758248, -8.386984913690771], [-75.44059660057567, -8.391600130325552], [-75.43496479601605, -8.394627857421721], [-75.43370284320636, -8.397080312341563], [-75.43268617845695, -8.416067224152881], [-75.43593690322678, -8.42306349400272], [-75.43559354578983, -8.427237249840212], [-75.44047622480039, -8.436217904413384], [-75.44751715675434, -8.44128784265586], [-75.45311782236439, -8.441760514946887], [-75.46109063886578, -8.4415286949611], [-75.46657977679237, -8.44039158603533], [-75.48480417174358, -8.439606794343325], [-75.48821534408765, -8.438563349205115], [-75.49400325382075, -8.43820215113729], [-75.50029953392277, -8.434590312061305], [-75.51026116945539, -8.424187219258581], [-75.5155719390094, -8.423527282516151], [-75.52341996141287, -8.423357789572231], [-75.53893316366995, -8.419259902903862], [-75.54802087245275, -8.415532120347763], [-75.55345644012786, -8.412700585467642], [-75.55977498674305, -8.41167055508281], [-75.56505014059546, -8.408058628650204], [-75.56829638437702, -8.407657364300295], [-75.57283123507766, -8.406346394775625], [-75.58019322004736, -8.406270543090269], [-75.58746158056786, -8.405231606034532], [-75.59120273597155, -8.404000894134011], [-75.59902845345145, -8.405289584314541], [-75.60666690982418, -8.403898313551178], [-75.61274021691962, -8.403818022414574], [-75.61850585642739, -8.40496399831487], [-75.62440525917899, -8.407822297964854], [-75.63015747645613, -8.408834557107161], [-75.63817493529102, -8.40821918307274], [-75.64559934281263, -8.408977204857598], [-75.66438995446788, -8.414974680215254], [-75.66953130559448, -8.416388245919892], [-75.68053197418425, -8.41830121161923], [-75.68822386118964, -8.42354507353653], [-75.69539410933442, -8.4316339461235], [-75.69985766247162, -8.440048265849668], [-75.70376384645502, -8.449349952546015], [-75.71309672783798, -8.46450640588502], [-75.71497400473004, -8.468871904655348], [-75.71478232926556, -8.472207248173271], [-75.71700290943423, -8.47651027333331], [-75.71670413051294, -8.481094263751011], [-75.71558496857709, -8.485062859287117], [-75.71759150298965, -8.486685947932447], [-75.72042307212662, -8.48690891278034], [-75.72720539064481, -8.489397139141174], [-75.73073693267557, -8.489887638743607], [-75.73520054818928, -8.489267799503715], [-75.74082789437243, -8.49396766227248], [-75.75445044052445, -8.495626500216725], [-75.76049699030209, -8.493985522486938], [-75.76613780609789, -8.49634881874586], [-75.76914317004623, -8.498391153082995], [-75.77912712588075, -8.498618501964527], [-75.7826989025893, -8.501227131122855], [-75.7850577750252, -8.505284875653278], [-75.7925044433192, -8.509512104361473], [-75.7937708527671, -8.512142976156989], [-75.79196937109145, -8.515745982077082], [-75.78674324295302, -8.51738247043305], [-75.78393400045032, -8.520040025478409], [-75.77941247037694, -8.532770781064514], [-75.77944369237, -8.540262041909532], [-75.77844485131493, -8.545077906426727], [-75.78210578573942, -8.552640513181192], [-75.78453154450945, -8.557572294811193], [-75.78666749799096, -8.558981347239593], [-75.78923588616729, -8.563048106375824], [-75.78887472876808, -8.565451554882118], [-75.79202285179703, -8.57104327245398], [-75.79135394242786, -8.573999602286818], [-75.79366380395382, -8.580558969661109], [-75.79425687288283, -8.587680159321206], [-75.79662460088993, -8.59283044357169], [-75.8006735137598, -8.598934898137355], [-75.80169907113887, -8.601668359727654], [-75.80848588649053, -8.607362642690894], [-75.81268184610457, -8.611237596774204], [-75.81948197187087, -8.621868050121824], [-75.82019544085358, -8.62497161024606], [-75.81793025760011, -8.636471640631157], [-75.81884883831104, -8.64105562904341], [-75.82856961102794, -8.644573821054928], [-75.83410781438674, -8.644828025756995], [-75.84295912834409, -8.638991005864058], [-75.84684749589034, -8.639793653584501], [-75.85229207748627, -8.647213611371365], [-75.85766083139706, -8.649590354873371], [-75.86229830996766, -8.650169991153449], [-75.86870602998388, -8.65501708041348], [-75.8751672636253, -8.655190987306646], [-75.88850443453877, -8.659039172312632], [-75.89125125316183, -8.66147825617268], [-75.89290107347743, -8.666057775058576], [-75.89863545577344, -8.672469957841846], [-75.90045038347986, -8.677455268536681], [-75.90577450313458, -8.680799527040506], [-75.91400155853864, -8.682057049406119], [-75.92206358418463, -8.687060120007292], [-75.92640680734118, -8.689690989394846], [-75.9363862475005, -8.692384327977523], [-75.94153650523656, -8.697369588547073], [-75.95350026603367, -8.699438617357568], [-75.95207786171846, -8.707166264607402], [-75.95480235215545, -8.716472357928131], [-75.9550609429948, -8.720784348842553], [-75.95331741666377, -8.72520328043446], [-75.9459688710195, -8.73156195599937], [-75.94364120765925, -8.73206584264647], [-75.94195122873951, -8.734112577369675], [-75.94111735062468, -8.739499186840304], [-75.93718887797105, -8.749282432449471], [-75.93525809160788, -8.755360201718373], [-75.93106656689653, -8.760216152845151], [-75.93095510307406, -8.764086624021244], [-75.92765084273003, -8.770481041551184], [-75.92532322934838, -8.77225572274633], [-75.92349054665974, -8.775328039425201], [-75.92193430265232, -8.78722494090269], [-75.92292867748677, -8.791273758655066], [-75.92519386221207, -8.796936865277276], [-75.92516267230927, -8.798845340303323], [-75.92779358711047, -8.8051683657585], [-75.92858731764413, -8.808414591071971], [-75.92815474480705, -8.815406474644112], [-75.92909112775021, -8.820810918942874], [-75.92884586832571, -8.825751595854031], [-75.92785153543944, -8.827954384571095], [-75.9279228632427, -8.830803744430252], [-75.92652270512136, -8.837857996822002], [-75.92712469862529, -8.845335901938311], [-75.9226254568217, -8.855850480656132], [-75.92042270117702, -8.868902277629342], [-75.91524561527207, -8.876549624588122], [-75.90997050511292, -8.881066698585498], [-75.91017122309813, -8.88897714181176], [-75.90798174215442, -8.892892277247245], [-75.90891817103031, -8.898136175547645], [-75.9113082651346, -8.90643895762234], [-75.9109782571549, -8.908240455724293], [-75.9027645839813, -8.919936678808483], [-75.89613844072781, -8.927343225668151], [-75.89192004647003, -8.937180034606508], [-75.8889771017389, -8.94984391252301], [-75.88948539668785, -8.958360741674326], [-75.8859002606806, -8.968389275909708], [-75.88510212343877, -8.985418578924264], [-75.88381348344059, -8.988446340324924], [-75.88375099664309, -8.991844158676594], [-75.88231521081822, -8.99948256209196], [-75.88009897196032, -9.014540949556206], [-75.87666995537764, -9.02236669416182], [-75.86664594663603, -9.033719556425249], [-75.86237410333013, -9.03583316458442], [-75.8570855795025, -9.042539666152548], [-75.85408907242464, -9.045139325472777], [-75.84798460471436, -9.048733364182215], [-75.84253108046138, -9.055288258079536], [-75.8389414740249, -9.066302205599253], [-75.83843317480107, -9.075380981929605], [-75.83836180174849, -9.08162370196372], [-75.83467411568324, -9.088142946673592], [-75.82706250780204, -9.096717773895096], [-75.81812197268502, -9.101034131200961], [-75.8143762991422, -9.105769696529546], [-75.80974328619484, -9.119798030291513], [-75.80881577873328, -9.126558030029297], [-75.80911454338823, -9.134352579126093], [-75.8062117375946, -9.144715547794528], [-75.80374138410322, -9.149959411281591], [-75.80199341645255, -9.151983893929161], [-75.80041490611839, -9.158320235854543], [-75.79449323060821, -9.170814643882931], [-75.7874300013586, -9.174801116633855], [-75.78538772136989, -9.17941624566346], [-75.78122732612087, -9.195063208866246], [-75.77807036173589, -9.199767556729713], [-75.77138615241371, -9.200262522948105], [-75.76346672275395, -9.20184555174766], [-75.75540021252738, -9.205510913810214], [-75.75174826670757, -9.208177447958679], [-75.74272752324863, -9.217764543007437], [-75.73761733952321, -9.225724002436735], [-75.73369778555649, -9.233331221022054], [-75.7314370019695, -9.242949524981297], [-75.73230210191618, -9.251631423043403], [-75.73137018941931, -9.256010230535539], [-75.72827104684, -9.260701214424241], [-75.714826876086, -9.272602542339644], [-75.7075942272221, -9.284744656334928], [-75.70146292470152, -9.296757523096913], [-75.69522912190534, -9.315516927422811], [-75.69050697609497, -9.322428558967852], [-75.6875772797884, -9.328269975004945], [-75.68412598635815, -9.33253289661633], [-75.67878845749189, -9.344447609037035], [-75.6776290601251, -9.348737220425177], [-75.67232271537615, -9.354092623561069], [-75.66742663935504, -9.357972027158535], [-75.66396190720795, -9.364624995284625], [-75.65886075115142, -9.38371888314671], [-75.6566668014443, -9.388886984289016], [-75.65313079239269, -9.39450095390434], [-75.64331632261968, -9.403544070030325], [-75.63454081208567, -9.408979698530642], [-75.62557351484978, -9.411120043809587], [-75.6083747891996, -9.412034153187967], [-75.58695328483279, -9.410000797971716], [-75.57168529972466, -9.405791412022579], [-75.56377480785608, -9.403218527635774], [-75.56092989767453, -9.401684563711303], [-75.54432419938709, -9.396730516867134], [-75.51621403478164, -9.384218278290282], [-75.50046456242197, -9.3790590993206], [-75.48829559871012, -9.373378257069097], [-75.48195481756166, -9.365543593606738], [-75.47619808381585, -9.351604410381215], [-75.4647471531092, -9.337638500498265], [-75.45589580878418, -9.325157523809997], [-75.45597163598136, -9.314049873160831], [-75.4565736296752, -9.310968612394877], [-75.45339873468518, -9.305550871030139], [-75.45388028474262, -9.301377126984551], [-75.45234193269486, -9.298081815450896], [-75.45223490085414, -9.295549086728641], [-75.44610808993302, -9.294791003485829], [-75.44448049020393, -9.2961867547461], [-75.43396592131947, -9.296316046058644], [-75.41874700045105, -9.292949416222003], [-75.4087542151021, -9.295326100043013], [-75.4010978793334, -9.294799948887034], [-75.3928084073751, -9.295214652898295], [-75.39075282139511, -9.296030618251773], [-75.38542865843043, -9.301996953015482], [-75.38085806786688, -9.305573137508334], [-75.37413822921113, -9.308560752039073], [-75.36950521519772, -9.308533958855625], [-75.36406511947001, -9.306126042989673], [-75.35690377839879, -9.307223013027231], [-75.35093750155319, -9.30471252663322], [-75.34693325542425, -9.304079322142512], [-75.3437360457535, -9.302710429431373], [-75.3383315951758, -9.303348070700823], [-75.3351076938496, -9.304498515993343], [-75.33120596889908, -9.301724939854621], [-75.33142002543218, -9.298411841627622], [-75.32843690803652, -9.297341613551023], [-75.32317961163588, -9.297519982383669], [-75.30930282876442, -9.302300114337918], [-75.30678350115146, -9.304155100337962], [-75.3045896334984, -9.30451632263356], [-75.30297982815426, -9.30613945383413], [-75.30085736156482, -9.306331192911317], [-75.29540387987221, -9.310188334829963], [-75.28873305977298, -9.312578379155106], [-75.28671309545254, -9.31243565481822], [-75.28161634566314, -9.309015523662474], [-75.280394506809, -9.306625505198035], [-75.27775473583294, -9.307133801835226], [-75.2755831497203, -9.304774986755362], [-75.27188212701446, -9.304110528658935], [-75.26737837259806, -9.300034959357657], [-75.26438190853936, -9.295308319248358], [-75.25979791647816, -9.290380978523933], [-75.25781807341454, -9.286653207496823], [-75.25795185581197, -9.284548456713239], [-75.25985586142045, -9.280040322373678], [-75.25924054021125, -9.278301294761055], [-75.25694852951912, -9.275808610428406], [-75.25707341159699, -9.272887937520506], [-75.25911565988136, -9.268254912709708], [-75.25580705103403, -9.266350903105645], [-75.24679518190054, -9.263818112143612], [-75.24194370054846, -9.260397948284371], [-75.23893828755926, -9.25480182042565], [-75.23507668135333, -9.250860004758106], [-75.22377734011985, -9.24197746344139], [-75.21866721266086, -9.239034401102877], [-75.21132753812259, -9.236296567062592], [-75.20742135061003, -9.233313376579083], [-75.2065517918789, -9.231173024746722], [-75.20388075781425, -9.212899650521182], [-75.20552622990122, -9.196637280747796], [-75.20929864068962, -9.184200832632149], [-75.20929864068962, -9.169913890826656], [-75.2063377404303, -9.16688167725775], [-75.20622181061304, -9.164429243156832], [-75.20730987355832, -9.160233179995847], [-75.20880812916019, -9.15817756221921], [-75.20739900178256, -9.155256875976473], [-75.20747931508389, -9.152960423966194], [-75.21235751378163, -9.144510398582934], [-75.21231744742829, -9.142664349141427], [-75.21080132905304, -9.139016796615522], [-75.20903998486567, -9.137384771505788], [-75.20785381314718, -9.137193056504875], [-75.20597214272647, -9.138133922112704], [-75.20384959340282, -9.136996796822286], [-75.20214622625531, -9.13459340170626], [-75.19882865838962, -9.131953587828534], [-75.19635828987751, -9.131784144888456], [-75.19131503020081, -9.134018174631702], [-75.1879261704077, -9.133536574383319], [-75.18540228774813, -9.130013871559894], [-75.18569215073138, -9.124685279918005], [-75.18380148638344, -9.11631106704979], [-75.1769389427019, -9.113956659496171], [-75.1738220232678, -9.11109839569546], [-75.16745885894956, -9.107098527232912], [-75.16521590851393, -9.102229217136879], [-75.1643508357244, -9.098470222643499], [-75.16154610748694, -9.09205801489975], [-75.15842469632364, -9.079403085243944], [-75.1614078781838, -9.071180461686614], [-75.15974911706437, -9.067528508922791], [-75.15644935594867, -9.067862913883513], [-75.15479054252346, -9.065874186588132], [-75.15401466003003, -9.061290203584234], [-75.14854338188795, -9.05195281649086], [-75.14824008941055, -9.046017743439526], [-75.14897146419683, -9.044430327531362], [-75.1483917802586, -9.042784955809541], [-75.1505276395811, -9.040426089718883], [-75.14894910703472, -9.038562153299342], [-75.14890902446523, -9.034638130879248], [-75.14383012409475, -9.027409970710252], [-75.14224261682298, -9.023468090105116], [-75.14334403965337, -9.016351354326748], [-75.14682213366036, -9.00882441069661], [-75.14870389062202, -9.006559163155236], [-75.14894910703472, -8.999678790487488], [-75.14665271564253, -8.997525082675352], [-75.14301410352881, -8.98922218112013], [-75.13992394741275, -8.984442073044432], [-75.1428401385501, -8.977726622919182], [-75.1430185573148, -8.972563011727484], [-75.1392906944306, -8.969597689009932], [-75.13642352043976, -8.9691517750218], [-75.13191086948136, -8.965151951253821], [-75.13088081106923, -8.962694991537647], [-75.12609174852487, -8.955908301509572], [-75.12589112836558, -8.953076768939813], [-75.1270193016521, -8.95106126433935], [-75.12519100477569, -8.947641063218118], [-75.11820812902938, -8.943382656772243], [-75.1163263649255, -8.94300812167548], [-75.11091748266594, -8.93566393197641], [-75.1026012477618, -8.92726295991428], [-75.09832045309273, -8.92457859624888], [-75.09576546442588, -8.924351222984654], [-75.09157385745647, -8.924774842259197], [-75.08300790487812, -8.919856401947701], [-75.07787101700053, -8.915009413546567], [-75.06915354071928, -8.912391911036744], [-75.06742786536536, -8.910715310551073], [-75.05754203451511, -8.904731159482356], [-75.05249880057058, -8.902742378717612], [-75.0456942022071, -8.902278645617832], [-75.03919727258318, -8.904570634714622], [-75.02267633879765, -8.91207088293872], [-75.01774450968684, -8.913221303049673], [-75.01389184751811, -8.913056266502842], [-75.00839381929075, -8.917163171027024], [-75.00028720159959, -8.92677696036206], [-74.99646568359005, -8.928993163733049], [-74.990713487735, -8.934807811132837], [-74.98538042460252, -8.947881858937842], [-74.98207170244352, -8.95001331830252], [-74.97663161945682, -8.949906324686062], [-74.97330515177765, -8.944747109415914], [-74.96582723841986, -8.940421776707673], [-74.96273258559465, -8.937817690702095], [-74.95838054934899, -8.937420866399604], [-74.95666376281805, -8.938660442453585], [-74.95300281164928, -8.935249247916058], [-74.9473442320076, -8.934424305602965], [-74.94429872537661, -8.933728663276248], [-74.9433042946449, -8.934388638039515], [-74.9401338483636, -8.934205834814028], [-74.93848402886127, -8.934562581621071], [-74.93440391367612, -8.930036558853343], [-74.93068502078677, -8.92034244513654], [-74.92819239192005, -8.910420945572314], [-74.91955512849319, -8.882836984747257], [-74.91774025766645, -8.869820869030965], [-74.91888184641641, -8.845077292103635], [-74.9164649478462, -8.83212808299842], [-74.91110072362436, -8.821448507170503], [-74.89427205539882, -8.804709073372985], [-74.86772251158142, -8.782801529097132], [-74.85888905256265, -8.770320482450767], [-74.85296736484389, -8.76333754934427], [-74.84935103405715, -8.754459416438038], [-74.85108117154428, -8.731080381066164], [-74.8498771805292, -8.721970448233273], [-74.84636786967455, -8.712708885078273], [-74.84789287853101, -8.699229018340729], [-74.8471304204814, -8.688959743054902], [-74.84142276057182, -8.679872060899578], [-74.84153868626645, -8.675921303145918], [-74.83975061932553, -8.673932588893438], [-74.83938498956225, -8.671930428969594], [-74.83776182283175, -8.671769866889765], [-74.83637951264095, -8.669027501161839], [-74.83030618909528, -8.66522835235378], [-74.82656949988481, -8.655088383030044], [-74.82450941179661, -8.653567821433793], [-74.81822206685511, -8.654138567089552], [-74.81656772118968, -8.652439661377349], [-74.81487328284493, -8.647690732483587], [-74.80879104941918, -8.64538091716486], [-74.8051613472844, -8.642161482672018], [-74.80249034508759, -8.637938688855437], [-74.80129974787057, -8.637029062193136], [-74.80095643867962, -8.635597640081281], [-74.80142016478521, -8.632431716212055], [-74.79418303395519, -8.631200950858977], [-74.78611205834166, -8.628770779411415], [-74.77659637402508, -8.625096482897153], [-74.77150848480801, -8.624369672223203], [-74.75241910776714, -8.631758354093858], [-74.74642166117624, -8.636797126678594], [-74.74394232901192, -8.63686851285163], [-74.73723591216581, -8.635499522100696], [-74.72747044205391, -8.637060204831586], [-74.71750435522596, -8.634737040470828], [-74.70050175303544, -8.627959246265842], [-74.67574489332624, -8.624721910657229], [-74.66906516278914, -8.62288920389116], [-74.63802975608775, -8.620080026967004], [-74.61910986497078, -8.620467964057566], [-74.60616502632196, -8.62165848528601], [-74.58418169901087, -8.627977089089521], [-74.5580201327768, -8.638148240579227], [-74.5514295989273, -8.641398917631546], [-74.54429500258948, -8.64645112049426], [-74.5308998583463, -8.659226420236195], [-74.52297162550586, -8.670779933312746], [-74.51953807699873, -8.677209996728166], [-74.51251054555102, -8.69696822709164], [-74.50934012398258, -8.71680682745805], [-74.50814953567533, -8.744127743093706], [-74.50927771106797, -8.752760540924553], [-74.51146715710236, -8.759587460341633], [-74.51552488294303, -8.766329552817904], [-74.52697141597895, -8.775680299104632], [-74.54104434089463, -8.780291005231804], [-74.54933827570264, -8.785931777542835], [-74.56111028953931, -8.797793029936395], [-74.56572097381988, -8.801008022433905], [-74.58606792754695, -8.808847124888612], [-74.59475419785464, -8.81109898118454], [-74.60513498079236, -8.81541535676624], [-74.61254159112563, -8.820199948023744], [-74.61622475959548, -8.82453870107619], [-74.61737081868732, -8.826759339461248], [-74.61727270024343, -8.829060222936821], [-74.61813324534045, -8.83139229421943], [-74.61813324534045, -8.853661042420967], [-74.61791922647996, -8.866784183034513], [-74.625459588896, -8.899536270575542], [-74.62930331884229, -8.908071037462337], [-74.63347703153754, -8.912070831476205], [-74.64105754168273, -8.914260264260871], [-74.64350112133225, -8.917814142135477], [-74.64675181706228, -8.925929751965045], [-74.6459714698868, -8.931048738458431], [-74.64401835267867, -8.934531298485847], [-74.64408080631456, -8.936181220826645], [-74.64256466861285, -8.940609087885203], [-74.64335396609246, -8.945389272985349], [-74.6573109021268, -8.961370688441903], [-74.65799765869882, -8.964978056632232], [-74.65503682205424, -8.96881732528596], [-74.6523657622105, -8.970168446602505], [-74.65129114400933, -8.972781497375472], [-74.65339588122154, -8.97652716859121], [-74.65279389221976, -8.981779988705801], [-74.64901251649358, -8.99194675346422], [-74.64711741929872, -8.997600878680345], [-74.64263605756581, -9.004650718691769], [-74.64180663939386, -9.010848842495001], [-74.64869596855459, -9.02851131077066], [-74.65193772047031, -9.031249211897393], [-74.65535782529447, -9.038852029487886], [-74.65518843429169, -9.04249952852293], [-74.65224988460052, -9.045496029322758], [-74.65077840186348, -9.047730046784324], [-74.65502788791702, -9.056518970193835], [-74.6561649318026, -9.066369111108424], [-74.66115471999424, -9.074297365998044], [-74.66535070324315, -9.079229136849044], [-74.66557815245646, -9.080598137530375], [-74.64447321833708, -9.113916498453273], [-74.63817691590899, -9.12266970503182], [-74.63308021600116, -9.133380471508403], [-74.63328528066363, -9.140613128943574], [-74.63553713362293, -9.15297819677482], [-74.63571110103217, -9.158409422023364], [-74.63321397716176, -9.167349898142895], [-74.62504488338516, -9.178528869296766], [-74.62034052825788, -9.192169288936968], [-74.61939519162617, -9.21184727916482], [-74.61967613917538, -9.224118717073086], [-74.6174555329271, -9.231561002287942], [-74.61462392787848, -9.237754680119732], [-74.61074010193948, -9.241799054663947], [-74.60764993968306, -9.247341721315546], [-74.60280739120508, -9.250356115019784], [-74.6007472537849, -9.255020338444169], [-74.59603401137268, -9.260090315296456], [-74.59575749380998, -9.2612496477078], [-74.59277886925899, -9.263969716669031], [-74.58951472813503, -9.270350670264303], [-74.59104867302146, -9.291767745046307], [-74.59024608630143, -9.292860226363631], [-74.58677686671857, -9.294978315639788], [-74.5936974508144, -9.31404987404552], [-74.59910632936437, -9.321237961261156], [-74.61490041511908, -9.342748659691257], [-74.62737252906159, -9.357057876373275], [-74.63974652344311, -9.365530202770776], [-74.65224988460052, -9.37204047488696], [-74.66234076933998, -9.379308834989402], [-74.67543714944944, -9.386559348716984], [-74.6805473228925, -9.396525392273134], [-74.68250484503581, -9.403628792845158], [-74.68215709484919, -9.411200360922237], [-74.6763914663099, -9.42624979289737], [-74.67105837166685, -9.433210435120852], [-74.65474699840395, -9.449111599453314], [-74.64576633108649, -9.454208375178018], [-74.62442063398291, -9.460776572275643], [-74.60777031576413, -9.46411202317843], [-74.59207871342244, -9.469966802467809], [-74.5818540052462, -9.479660874328877], [-74.57692671312626, -9.485239253230347], [-74.57039857441897, -9.495539793263612], [-74.56962717679347, -9.500422506795498], [-74.57206631896888, -9.505951718661901], [-74.57409515707526, -9.517219933762952], [-74.57887093979018, -9.528751152174168], [-74.58261212021888, -9.532817867873597], [-74.58380711430864, -9.536559016744796], [-74.58384724523066, -9.546079222026458], [-74.58469893023806, -9.551626317829678], [-74.58379817646284, -9.558181241210434], [-74.57866581025061, -9.570911912262597], [-74.57491569546667, -9.57603100257925], [-74.56684028428383, -9.579388710567798], [-74.556878596043, -9.58069968958137], [-74.54952109093281, -9.581671779894092], [-74.54514223335383, -9.584191162488056], [-74.54075450418783, -9.588124081923898], [-74.53306703960662, -9.593519617407244], [-74.52188806490507, -9.596796995473309], [-74.5032757737219, -9.606638277728724], [-74.49996264690628, -9.609358303058638], [-74.4954767570072, -9.611057231216021], [-74.47927687917235, -9.62454602805582], [-74.47827353757178, -9.627961641403319], [-74.47978521049745, -9.633259129128241], [-74.47938392936423, -9.639858529608269], [-74.48203261831756, -9.64962848144304], [-74.48149746420393, -9.650658538541167], [-74.47748429300756, -9.653267081144191], [-74.47569177800177, -9.657770749973148], [-74.47522797305993, -9.683901096600662], [-74.47593700565068, -9.69455834412955], [-74.47432727932966, -9.698767767402463], [-74.47440311986921, -9.710272258385178], [-74.47265511233456, -9.722450030695944], [-74.46797748578817, -9.725326152971267], [-74.46227877195685, -9.72838954623575], [-74.45851971661732, -9.733370384679466], [-74.45572389633331, -9.740808131579351], [-74.45453777466675, -9.748888037059759], [-74.4472426963276, -9.765649769113528], [-74.44547688753042, -9.77424251736388], [-74.4473408211459, -9.792792388228818], [-74.44774655819367, -9.81939980162801], [-74.44779119278999, -9.829530873284215], [-74.44785362753707, -9.840629620292738], [-74.44578012022299, -9.849672634445241], [-74.44241349258233, -9.85665109844216], [-74.43292009316929, -9.871441938171019], [-74.42803736066416, -9.88128770823483], [-74.4129165156142, -9.899164232845582], [-74.40906390294926, -9.905496160805216], [-74.40523348478239, -9.918373996923545], [-74.4023975462202, -9.931769116713815], [-74.39847348548044, -9.9453827960446], [-74.39729181252467, -9.96386127495244], [-74.39636880123062, -9.987351825586543], [-74.39694402858584, -9.994201068493878], [-74.39623056386218, -10.006619645114904], [-74.39392077605835, -10.013375141173189], [-74.39086186055388, -10.016929084646305], [-74.38627790770789, -10.02084862876658], [-74.38609501243836, -10.024273222453784], [-74.39238680632307, -10.037521177660413], [-74.39347035724127, -10.043090604445759], [-74.3898718870251, -10.05481806796911], [-74.38443176643314, -10.065087342374582], [-74.36812043421381, -10.077572810691528], [-74.35533167707885, -10.084506769341436], [-74.34764867773974, -10.09088772734289], [-74.34023322993978, -10.102891646890004], [-74.33487779684573, -10.119220815484356], [-74.33009317106168, -10.124598555354961], [-74.32132663700729, -10.131340697300667], [-74.31360790392544, -10.139808515095302], [-74.31179753897217, -10.14491861046285], [-74.30330736259083, -10.158447535907523], [-74.28631820741934, -10.17274787018066], [-74.27783256943795, -10.178580430644843], [-74.26722879366359, -10.190339030966275], [-74.2598177555445, -10.19963184583295], [-74.25100654903689, -10.209000422759944], [-74.24727879943313, -10.21407926369654], [-74.25069448086005, -10.219416871477204], [-74.25678110218979, -10.225508004215675], [-74.26669371332349, -10.231188864819329], [-74.30282574265192, -10.241279855152081], [-74.31056230181949, -10.247018653828974], [-74.31755422906133, -10.255727290075535], [-74.32363198848786, -10.26102028026878], [-74.33099396783598, -10.264110415037308], [-74.34187415253629, -10.272948368899213], [-74.34448273579906, -10.273929349643813], [-74.35820782856987, -10.274687400258358], [-74.36845932544055, -10.269505916697579], [-74.37886683078447, -10.25898243320406], [-74.3843069418266, -10.256521041248645], [-74.38978715205097, -10.255838797015075], [-74.39537885825548, -10.258407202908108], [-74.39866522587491, -10.261831782696094], [-74.39985583695066, -10.267668793614003], [-74.39949016353025, -10.270107874616897], [-74.39557507569721, -10.278406303669412], [-74.39537000028106, -10.286370215519453], [-74.39729181252468, -10.290597441386009], [-74.40836381749453, -10.30881740286038], [-74.4100582432299, -10.317481391830054], [-74.40850204544789, -10.325909102877823], [-74.40497491762662, -10.333016897693224], [-74.39846015401277, -10.341801330453832], [-74.3923779482001, -10.347709651653116], [-74.38978715205096, -10.348877944668939], [-74.37821136837653, -10.357987907022979], [-74.37093857223255, -10.36214821182973], [-74.36357214232095, -10.364257352147995], [-74.35877861449701, -10.365323131748136], [-74.3538824866525, -10.367748858140422], [-74.3285904308211, -10.371177919409364], [-74.3236988526404, -10.37126709388302], [-74.31323337183908, -10.375824251372597], [-74.30960805095529, -10.378196475139152], [-74.30549674773123, -10.385928553884138], [-74.30240660693516, -10.398217842767943], [-74.30156833259478, -10.40632900322317], [-74.29907121176082, -10.411323152818836], [-74.29522743697655, -10.415028716499428], [-74.29228448070097, -10.41979098094148], [-74.28865032540381, -10.423041657210758], [-74.27874660820484, -10.426537588274499], [-74.27419391728886, -10.427300102644326], [-74.2690971751731, -10.429128338804418], [-74.26505273677257, -10.428900991738198], [-74.25338774153994, -10.43204018861817], [-74.24842921708291, -10.434479250872045], [-74.2338167553054, -10.438166947363868], [-74.22673125123649, -10.441069872460034], [-74.21765693285903, -10.446915685189433], [-74.21034850382924, -10.454121655876342], [-74.20570212683236, -10.455940927116076], [-74.19586979381239, -10.457033454873345], [-74.19129919125169, -10.460408965059353], [-74.18825809160339, -10.464934926277051], [-74.18266188977888, -10.487328583736682], [-74.18123497592286, -10.49952863521031], [-74.18181473658534, -10.505450379278894], [-74.1719199478036, -10.524878640458958], [-74.16861577435617, -10.53229857140157], [-74.16294820463933, -10.538300503651838], [-74.16069189706091, -10.54189013984262], [-74.15583597228947, -10.555026662138701], [-74.15564424483124, -10.561300545453644], [-74.15410584881018, -10.566767431456926], [-74.15113160435263, -10.572229860230584], [-74.14702481656471, -10.575658859217718], [-74.14170952029298, -10.584117830749433], [-74.140505574437, -10.589410729838098], [-74.13440553445662, -10.600429176281], [-74.13318371049307, -10.604919504709732], [-74.13511007774663, -10.607487984484695], [-74.1382047322926, -10.609079883620986], [-74.14025138021682, -10.615010415820457], [-74.1399303441596, -10.62602885672305], [-74.13890926125133, -10.628967413037916], [-74.13704529566166, -10.631660749693914], [-74.13645222401802, -10.636159997771053], [-74.13490945835214, -10.63967376716623], [-74.13490497823814, -10.646041354847954], [-74.13284483123775, -10.650866061927156], [-74.13140006254811, -10.654830250695142], [-74.13353602957504, -10.661759669125091], [-74.13746444985875, -10.666887650965643], [-74.13954685632316, -10.667141840585973], [-74.14200385282702, -10.664047190724503], [-74.14484429471453, -10.65535643960888], [-74.14784972936647, -10.653621818006318], [-74.15703551871161, -10.650518280449644], [-74.15885036784529, -10.648199564521084], [-74.16030845195526, -10.641381537000695], [-74.16612311494447, -10.63806848544733], [-74.17294111837725, -10.636980450542584], [-74.17700782805949, -10.637381727405193], [-74.18302316266507, -10.636284838436373], [-74.18987225440242, -10.638376118572829], [-74.19604365470111, -10.63823790038636], [-74.19986962770687, -10.63584334309792], [-74.2035394024498, -10.635896882595153], [-74.21243089825916, -10.639169878589675], [-74.21625680003754, -10.638951344824502], [-74.2194896371579, -10.63892909998386], [-74.22475586235424, -10.63326155095443], [-74.22754721131356, -10.63330612016271], [-74.23060620093204, -10.63593697775187], [-74.23204643480614, -10.640694847419152], [-74.23571189635581, -10.64454756743007], [-74.24040282804323, -10.645483968036753], [-74.2442108642978, -10.649162710336642], [-74.24836680261113, -10.654665237992607], [-74.2563709043244, -10.662820901036964], [-74.26077199908964, -10.670040235851635], [-74.26128480108227, -10.67527072920353], [-74.2643972195074, -10.67620713420852], [-74.26653317100778, -10.673727882646098], [-74.2707915685372, -10.6739285416787], [-74.27420725795236, -10.676091219121556], [-74.28183679343975, -10.672916310452244], [-74.28640737797646, -10.673759103602691], [-74.28733041601308, -10.675515988596564], [-74.28744187858203, -10.682891370943619], [-74.29631103590997, -10.695711241413703], [-74.30014144898041, -10.700411155479696], [-74.30502408555724, -10.70299298434152], [-74.30606752147065, -10.70797824941324], [-74.31231476237369, -10.714818550295465], [-74.3164304759609, -10.715839625298326], [-74.32040359306018, -10.721145937829853], [-74.32231206535769, -10.722488144194022], [-74.3264590584405, -10.723937381863113], [-74.32907207166417, -10.729841243456391], [-74.3344274087211, -10.732498819101137], [-74.34149063945812, -10.739107263946474], [-74.34778686311498, -10.744328841748095], [-74.34875004087066, -10.746625277099144], [-74.35029736144044, -10.754611551877941], [-74.35618339429936, -10.763797250272853], [-74.3631975351154, -10.766049131599358], [-74.37023851623731, -10.770633050882687], [-74.37079584085387, -10.777366360823455], [-74.37349805317011, -10.783916779694783], [-74.3752371048263, -10.791086991668626], [-74.38223349840648, -10.800696382627995], [-74.38407948343047, -10.80519110765805], [-74.38703140918935, -10.807688235660414], [-74.38938137207681, -10.811670167492489], [-74.39296652030411, -10.813600984515352], [-74.39753705929367, -10.81288754924134], [-74.40515770406664, -10.805628138368373], [-74.41071824090358, -10.806457519854385], [-74.41637683535255, -10.809489690236736], [-74.42043907778177, -10.813712473595531], [-74.42371201081102, -10.814862901591097], [-74.4295802370845, -10.812290030389285], [-74.43141732226769, -10.812347940042658], [-74.43392780757426, -10.813779365893524], [-74.43617964613122, -10.816793688459004], [-74.43972019800877, -10.817649817037264], [-74.44061203379154, -10.819090124985346], [-74.44404104236311, -10.819892767513947], [-74.4554296251302, -10.826073061427754], [-74.46698758494908, -10.836418226529743], [-74.47133521875246, -10.836850770324203], [-74.47916535730747, -10.83477720894704], [-74.48121656130047, -10.835267760686383], [-74.49006787216462, -10.841688878217784], [-74.49190057144752, -10.847931621580924], [-74.48767784042681, -10.85351882257418], [-74.48722748132977, -10.857670235642882], [-74.49447797920848, -10.871653978460616], [-74.49836628597404, -10.882257718542744], [-74.49851347513841, -10.89270094810684], [-74.50002506314284, -10.896442183697948], [-74.502794157659, -10.897614927665424], [-74.50714626984103, -10.896932682280152], [-74.51377692767058, -10.896593792672629], [-74.52578532888168, -10.892620744464583], [-74.53767328306385, -10.893780068834399], [-74.54070095318268, -10.892660836159049], [-74.54485240347793, -10.888397945164348], [-74.54720231802571, -10.88772462741233], [-74.55454204269392, -10.888710111915394], [-74.56154731759112, -10.892371006571222], [-74.56751801690672, -10.897570331466142], [-74.57116558874151, -10.899536741706491], [-74.5725389837042, -10.902840984886621], [-74.57312757820787, -10.910769273436431], [-74.57424684077274, -10.911629820226025], [-74.56830730122593, -10.914992058038214], [-74.55798893504425, -10.917025359127175], [-74.55377504418496, -10.91913004196052], [-74.55147420711191, -10.918809036455965], [-74.54927140729654, -10.91951801121848], [-74.54043346611205, -10.930108363259913], [-74.5322242202964, -10.92938603369633], [-74.52352900524181, -10.930763844222978], [-74.51131550804436, -10.930879808216282], [-74.50351658125646, -10.930019165701376], [-74.5020539364038, -10.9303313217372], [-74.49135659424499, -10.943070997378342], [-74.48213957740018, -10.95256889779998], [-74.47751550512619, -10.960287574316848], [-74.47442538907804, -10.962312031175696], [-74.46846805167931, -10.961594095707882], [-74.46023647035203, -10.958847291139037], [-74.455804127637, -10.960318800984298], [-74.45222794062789, -10.965348686273948], [-74.44975313603142, -10.968929279175978], [-74.44017058905858, -10.975515384561145], [-74.435608929021, -10.986159297014687], [-74.43187659058859, -10.98979786916517], [-74.4213888026519, -10.994528967341408], [-74.41564993939879, -10.995643760802926], [-74.41326883109708, -10.998774106119726], [-74.41324646472101, -11.000758359913034], [-74.41915037460012, -11.00607807598151], [-74.42056387707258, -11.010051120113493], [-74.41989058609543, -11.012557137863134], [-74.41770116503878, -11.015121161490038], [-74.42106334174346, -11.021078456924544], [-74.42048810288999, -11.022599025349361], [-74.41442373746864, -11.02963104150523], [-74.41411606735105, -11.031878395648405], [-74.41192657515421, -11.034469209145922], [-74.40789115760386, -11.03611015495488], [-74.40429709412392, -11.039387536237736], [-74.39428637142537, -11.044858908537748], [-74.39003688299447, -11.044720659517077], [-74.3862199252748, -11.045911257042862], [-74.3822156021908, -11.046428501151535], [-74.38194357949175, -11.048029335832272], [-74.37999055173756, -11.049500778684925], [-74.37536640998884, -11.049679169458397], [-74.369886205289, -11.051846305442723], [-74.36673810574358, -11.051931020071937], [-74.36212292892908, -11.053273221300328], [-74.35729374397127, -11.053572001754118], [-74.35361498520861, -11.05546705342549], [-74.34790732774019, -11.055627577723609], [-74.33896677187452, -11.053166144355151], [-74.3361977175647, -11.049844125432026], [-74.33327699849329, -11.04848861831985], [-74.33097606651306, -11.04538952207729], [-74.3184861493277, -11.034964138822943], [-74.30944754654004, -11.034018834897621], [-74.30217027197307, -11.031338920798033], [-74.2969487125956, -11.030736905686737], [-74.29453183180681, -11.029550754002214], [-74.28826678899571, -11.02429795574519], [-74.28189919646609, -11.027878619986014], [-74.2769452070098, -11.029149472125779], [-74.27204910194183, -11.025894313834723], [-74.26567252568884, -11.02568027348861], [-74.26319326785566, -11.024966814960703], [-74.25685694526554, -11.020530017276675], [-74.24910699926623, -11.017609314810972], [-74.23980086379541, -11.017658379604574], [-74.23243886568147, -11.02042749116366], [-74.2212152983501, -11.021912347809469], [-74.21761233082627, -11.02436487774893], [-74.203704388778, -11.024694848935118], [-74.20242909974019, -11.022929010335687], [-74.19889751167372, -11.00449953282442], [-74.19644055135646, -11.002894249267461], [-74.19356444208266, -11.003103880425911], [-74.19194574319397, -10.999411756901285], [-74.1945632790878, -10.990520257986603], [-74.19406829516102, -10.986917313854475], [-74.18879761051429, -10.985231743579716], [-74.18270202129223, -10.986208297959461], [-74.17872009076244, -10.990217041067568], [-74.1746043270553, -10.992531328856138], [-74.16987767938542, -10.992451020085412], [-74.16379544397437, -10.993998376356823], [-74.15806555102135, -10.998470870150406], [-74.1481395724135, -10.998243438622154], [-74.14426907781363, -10.997382834953743], [-74.14092920083483, -10.993699584333779], [-74.13856591235668, -10.988477969347594], [-74.13025859419994, -10.986440185022758], [-74.12420759348329, -10.988741096667574], [-74.11825021912584, -10.990819005501928], [-74.10385180732175, -10.98621278795432], [-74.09729691668943, -10.986654234554285], [-74.08847234077845, -10.989548184681858], [-74.08383045366708, -10.989748854326539], [-74.07644614744571, -10.992821208941256], [-74.07116658760478, -10.993128822475205], [-74.06558373387402, -10.992375254258588], [-74.05790075512212, -10.993472233290662], [-74.05455638563373, -10.992188003303987], [-74.04995911470496, -10.99189365540298], [-74.04496487407197, -10.986516020271187], [-74.04061282486003, -10.984130400455182], [-74.03750482323092, -10.98505789203327], [-74.03213605191628, -10.989597218390795], [-74.02464474657265, -10.991371921300988], [-74.02073863293533, -10.99385118903072], [-74.01519589903988, -10.99379767479576], [-74.00930995835633, -10.991795611150671], [-74.00665227305899, -10.992513466672321], [-74.00546172279496, -10.993677287771057], [-74.00269262020171, -11.003130600525752], [-74.00173840343454, -11.009819268041797], [-73.99671295071282, -11.016128884154863], [-73.99419353942373, -11.02169387700046], [-73.99176780026507, -11.033809237196127], [-73.99003321475665, -11.050588789799983], [-73.98668891044402, -11.058864929346168], [-73.97976840531449, -11.06795257656285], [-73.97857777782764, -11.070298076388882], [-73.9782344072746, -11.084540432899834], [-73.98339808324602, -11.09304839951355], [-73.98069143471523, -11.096111764171496], [-73.98124876548715, -11.10187739780617], [-73.97718653591772, -11.121938874671752], [-73.97410530370833, -11.127610903551366], [-73.96831298453259, -11.130834829917854], [-73.9643711054245, -11.136649467968045], [-73.95965785601828, -11.141139795478487], [-73.9561752652609, -11.150017822379947], [-73.94787691976448, -11.153090141989813], [-73.94230750813337, -11.157647412563737], [-73.93419639313133, -11.1624097288735], [-73.92743187810466, -11.16321682539941], [-73.92328491488665, -11.161968210607617], [-73.91147727767381, -11.163849958660157], [-73.90329920707703, -11.167479724057591], [-73.89644560818049, -11.173490599293585], [-73.88947154740595, -11.182011872689078], [-73.88695217574517, -11.1820564659577], [-73.88462010638911, -11.17951032403479], [-73.87888567974397, -11.176522749085878], [-73.87411445932807, -11.167221040168894], [-73.86744808665671, -11.16331488144579], [-73.86373369093137, -11.160875738988409], [-73.86056326278654, -11.15552034993822], [-73.86030017229034, -11.149977739166733], [-73.86157102534219, -11.145848631535204], [-73.86208374308538, -11.135334004382035], [-73.86099127760966, -11.127909656994861], [-73.86235131768733, -11.11783203366996], [-73.86443375706806, -11.109511367268238], [-73.86479940200141, -11.097877602136604], [-73.86294443111663, -11.088076497716704], [-73.86309149784583, -11.068362821032851], [-73.86446937943872, -11.062079894898156], [-73.86556191530732, -11.045679363145235], [-73.86713592435103, -11.03433538958], [-73.86671231957783, -11.029100403619935], [-73.86627085800728, -11.022260158459892], [-73.86421966379244, -11.015526904929585], [-73.86451397468963, -11.012338684349833], [-73.86347948788327, -11.007389011430847], [-73.86360878781576, -11.003268816411861], [-73.86460316516104, -11.00054882139974], [-73.86396106464635, -10.995340583338624], [-73.86325202388161, -10.993440968465185], [-73.86390758608512, -10.99143440130742], [-73.86178054526758, -10.984188329162382], [-73.86324314066674, -10.977950058987453], [-73.8619098463178, -10.974373872452517], [-73.85965805771852, -10.973201152730292], [-73.85821329226623, -10.970886817766033], [-73.85646082356263, -10.958379037103237], [-73.84848801566432, -10.951284638452401], [-73.84615145133387, -10.949781901007515], [-73.84444356484157, -10.946847838235874], [-73.84350714643939, -10.940894952553439], [-73.8425529552954, -10.939289655024483], [-73.83984623280125, -10.937902874747966], [-73.83725999576762, -10.93438910844148], [-73.83424565288779, -10.934322234837996], [-73.83161922703728, -10.932449407613394], [-73.82961263427762, -10.927232238210166], [-73.8239317098324, -10.921885814162632], [-73.82369091760015, -10.919468965834785], [-73.82700400633152, -10.912329913656047], [-73.82596510464049, -10.909400287657762], [-73.82289718965943, -10.9058954614132], [-73.81794762647658, -10.901694991864826], [-73.81777817832719, -10.900437484776264], [-73.82095306330285, -10.895951653339885], [-73.8201280917225, -10.8949617369195], [-73.81753737861571, -10.893855901647818], [-73.81709140923857, -10.892460143893539], [-73.8152409262705, -10.891644160389143], [-73.81312727269474, -10.888344465749741], [-73.8144917710384, -10.883060363108825], [-73.81779594884966, -10.881669173329982], [-73.82025293261628, -10.880041546952967], [-73.82097532097414, -10.87863698458474], [-73.81908466648163, -10.873040768389393], [-73.81797876973829, -10.862544108887134], [-73.81656529152916, -10.85632812182091], [-73.81759535725358, -10.849073142614635], [-73.82202771107724, -10.843378885452825], [-73.82280798032745, -10.834697005467454], [-73.81701117233933, -10.829346043307456], [-73.81875465720019, -10.823040919565846], [-73.81717173585572, -10.812281110614451], [-73.81435355351854, -10.809569936442465], [-73.81041171087509, -10.809231034152278], [-73.80830258333951, -10.810787271932618], [-73.80322367571522, -10.815478245557236], [-73.79917919775608, -10.816285318482853], [-73.79440353819227, -10.813770428078634], [-73.79089871193676, -10.80728691383459], [-73.7920223527015, -10.796915013292082], [-73.78783528208497, -10.794730091827056], [-73.78505725770671, -10.789196358156612], [-73.78115998730728, -10.783733943949153], [-73.78061600072641, -10.779582483125392], [-73.77877882320985, -10.773972918455302], [-73.78210531755701, -10.76445277567773], [-73.7819760541654, -10.760064983257474], [-73.78044652077593, -10.759168729103024], [-73.77427072768211, -10.759052768849115], [-73.77253609954603, -10.75690797162103], [-73.77225960616877, -10.753447694918226], [-73.77002116275645, -10.750219307471482], [-73.76920513685052, -10.743775878721326], [-73.76133933835976, -10.737537592821262], [-73.75466405700035, -10.736115155825432], [-73.74208937288489, -10.734135350982603], [-73.73899026969782, -10.73517877450095], [-73.73596258915715, -10.73867918121047], [-73.73517327116801, -10.748529337195217], [-73.73348328884241, -10.752199151890787], [-73.72914010752402, -10.755650527484786], [-73.72288398780007, -10.757991566519808], [-73.71527229665904, -10.759570075660402], [-73.70791481048305, -10.766869625637801], [-73.70502980622997, -10.771177075457762], [-73.69705247981543, -10.773330844397277], [-73.68914201591794, -10.779640466504858], [-73.6822348812716, -10.785490780182284], [-73.68064738096604, -10.78805476077797], [-73.67718718734473, -10.789718070865879], [-73.67407918696338, -10.788901991646627], [-73.67191204604003, -10.788580935802532], [-73.66857214838787, -10.791791532666403], [-73.66632034068057, -10.793361129772007], [-73.66628019215455, -10.79507784376735], [-73.66834922313761, -10.799514659696316], [-73.66742617348837, -10.802109900237804], [-73.66219119858117, -10.802551351620599], [-73.66155356868063, -10.803126566533807], [-73.66155796985171, -10.805030624492051], [-73.66046997951074, -10.807037144693592], [-73.65756265551812, -10.808450721696936], [-73.65454382000597, -10.81154978489782], [-73.65107015940934, -10.81281620933167], [-73.64791316592355, -10.816347768551674], [-73.64290558548785, -10.819130292683655], [-73.63871847996131, -10.822648481319298], [-73.63510216846663, -10.824846833593533], [-73.63284136876692, -10.827870072523359], [-73.62901105899397, -10.830291421768997], [-73.61282896977501, -10.84586259694663], [-73.60553832265644, -10.849411988682755], [-73.59353441522218, -10.852408533400748], [-73.59007419137006, -10.852832148076526], [-73.58798280841017, -10.854919007772267], [-73.57921621970037, -10.872505665964104], [-73.5764293256919, -10.879689323363268], [-73.56774294437054, -10.884175150294212], [-73.56376549283324, -10.890707728985188], [-73.56458144182004, -10.89534518538204], [-73.56416232481013, -10.897949338359785], [-73.56720791317629, -10.90504822368469], [-73.56675752978843, -10.911834956120249], [-73.56545993134137, -10.916008711588333], [-73.56591921382137, -10.922621577240042], [-73.56591031753565, -10.92573847399278], [-73.56440755868607, -10.934366777950087], [-73.57177845866099, -10.94847093142852], [-73.57274605748121, -10.954058183097985], [-73.57134147417459, -10.95861094409208], [-73.56709199256501, -10.96591944725868], [-73.56632943102828, -10.967997376782225], [-73.55901207716015, -10.974699406859726], [-73.55877573352694, -10.98681917990201], [-73.55755393152339, -10.98947682851376], [-73.5534515504495, -10.99386901585401], [-73.55511929266275, -10.99756117513814], [-73.55532886036144, -11.000459583427046], [-73.55365671635157, -11.001980203511541], [-73.54866698491607, -11.002542023210614], [-73.54843952660232, -11.004316698660272], [-73.54953197130382, -11.005328948140512], [-73.54707504113033, -11.007750256561033], [-73.54659342946377, -11.01452803653246], [-73.54223694586732, -11.021207767989738], [-73.54148777432717, -11.036573890464547], [-73.53958373775683, -11.042740785808899], [-73.53590943567018, -11.046584543874781], [-73.52865447035492, -11.053081431598098], [-73.52596118418788, -11.056358922293754], [-73.52218435972513, -11.05687167711803], [-73.51921900925541, -11.059190459941831], [-73.51091172470892, -11.058994259047394], [-73.50605580720962, -11.057299731872817], [-73.50358092980981, -11.057981990271026], [-73.49790009860477, -11.061937272491138], [-73.49514879835208, -11.061388726350373], [-73.48992718914359, -11.058022171666957], [-73.48580703659454, -11.058766794750984], [-73.48068795018929, -11.061856966566399], [-73.47604601925062, -11.07054774751111], [-73.47385218044742, -11.075845200340666], [-73.47086897997609, -11.078730218458979], [-73.46870187875992, -11.084767798758174], [-73.4689382336654, -11.089641632158063], [-73.4724207744787, -11.095500886085311], [-73.46821586248306, -11.101529560311501], [-73.46652135974549, -11.103536147879353], [-73.46453708058286, -11.108490248214263], [-73.46523267273656, -11.116258022717393], [-73.47220671903187, -11.120289025159254], [-73.47399925816723, -11.122630096508335], [-73.47403494877213, -11.124988914910285], [-73.46949113589736, -11.133719809592137], [-73.45861982518448, -11.144319123610593], [-73.45833005381657, -11.149518399788708], [-73.45910586339734, -11.15358511258756], [-73.46360063031985, -11.163087499825696], [-73.46234770807949, -11.168367078715779], [-73.46179469735736, -11.172518460498763], [-73.45968558343972, -11.176041191572022], [-73.46134885333034, -11.179983001530852], [-73.46101889758059, -11.182457860970223], [-73.45952509968407, -11.1844599728413], [-73.45878480498348, -11.187978199449265], [-73.45580615819186, -11.193418287543789], [-73.45593104102076, -11.195598768410692], [-73.45818287534425, -11.20244800001524], [-73.45717510016313, -11.206046479983296], [-73.45471367756495, -11.209578089016697], [-73.45526661677702, -11.213948007495206], [-73.45257779027705, -11.216516398799902], [-73.45140949870434, -11.219000164955457], [-73.4495857498526, -11.218861906372513], [-73.4474364142944, -11.217448356916226], [-73.44648217609199, -11.219321182821322], [-73.44862253011587, -11.225283034126182], [-73.4471956298194, -11.230919342792479], [-73.44847984051579, -11.23586895444643], [-73.45279627105933, -11.244519568690558], [-73.45317083471049, -11.254048719996062], [-73.45291216468377, -11.260969205852398], [-73.45398685252133, -11.263809671695395], [-73.45868671619198, -11.271367870890867], [-73.45960089118712, -11.276598349978205], [-73.4611659841851, -11.279840094428618], [-73.4599531460035, -11.285231220703281], [-73.46145584159709, -11.290952246177946], [-73.45738917074742, -11.294300957915162], [-73.45567237434577, -11.298559458416339], [-73.45629669824184, -11.300699768987077], [-73.46215144383076, -11.303687379621389], [-73.46904971325566, -11.303901467875555], [-73.47130599364183, -11.304730839627453], [-73.47612629985336, -11.308289223449876], [-73.4782042353617, -11.310986933347904], [-73.48221737831345, -11.314737039091572], [-73.48055867691286, -11.317626579125749], [-73.47822653031082, -11.319445871832606], [-73.47762456586196, -11.322647466237743], [-73.47872151353664, -11.325309590744903], [-73.47883739302424, -11.328867980095904], [-73.48311814724863, -11.337019173564798], [-73.48333668651956, -11.341848425182889], [-73.4806879501893, -11.34924599803838], [-73.47837809994299, -11.350494597807161], [-73.4763938417099, -11.34917024917518], [-73.47194807215816, -11.343306472207969], [-73.46821586248306, -11.340167275872068], [-73.46525496904816, -11.341005650478523], [-73.46449248780674, -11.341879577787243], [-73.46298981366878, -11.349402099091437], [-73.46047927947224, -11.353571375246716], [-73.45783951845154, -11.354070766198506], [-73.4555653831718, -11.356358332686895], [-73.45220763117297, -11.35840502125483], [-73.45025010189893, -11.363541923121996], [-73.44806516799184, -11.366516161177902], [-73.44708413878298, -11.371363181642494], [-73.44533623943467, -11.373458972589665], [-73.44444879740323, -11.373592720542502], [-73.44105993973828, -11.370440124938161], [-73.43692184593996, -11.369735590520328], [-73.4328061515818, -11.371438944057825], [-73.42749983543523, -11.37588024345164], [-73.42163164052751, -11.376700697982786], [-73.41694508019548, -11.381092965371822], [-73.41517040666515, -11.381445212641959], [-73.41274015474202, -11.383121797701122], [-73.41012714238585, -11.38282309465779], [-73.40870025534726, -11.381850954569007], [-73.40585976242625, -11.381529915329157], [-73.40449525852266, -11.378359527791666], [-73.4009324713432, -11.376098775923406], [-73.39130976475109, -11.375006278282482], [-73.38554410114028, -11.369441273238682], [-73.38045625277287, -11.360937801722395], [-73.37754001716388, -11.351569206717981], [-73.37708968083021, -11.349014168596034], [-73.37437406182637, -11.34462190406008], [-73.36947798267019, -11.342156087098385], [-73.36255744455909, -11.34136232607749], [-73.35085226468601, -11.329942603323445], [-73.34582693058185, -11.32184043891583], [-73.34340561474822, -11.320137011127233], [-73.33387202391087, -11.310104031168024], [-73.32440090119337, -11.306371806354537], [-73.31608472313029, -11.305158879611199], [-73.31458200525911, -11.304271564821], [-73.31325318491199, -11.302273847620711], [-73.31201801353944, -11.302568194638749], [-73.30961008863214, -11.305809961285185], [-73.30445982611676, -11.307424092934438], [-73.29807887177233, -11.30450341356389], [-73.29357067773579, -11.304953784391568], [-73.28949059485991, -11.307829931068023], [-73.2856513106145, -11.308842128487724], [-73.28056797353764, -11.308226780241508], [-73.2770764970155, -11.306911301181005], [-73.27353592405217, -11.30745089444394], [-73.27011578491496, -11.305818830753637], [-73.26486300411692, -11.30568953967946], [-73.2594362386759, -11.307522253312824], [-73.24581821228799, -11.306639311585865], [-73.24240250577141, -11.304075369593509], [-73.23781406948238, -11.297627441278362], [-73.23535709688537, -11.296205057522535], [-73.2226263956618, -11.296601909190525], [-73.2181806631137, -11.294965418390035], [-73.21320874371446, -11.295286437554514], [-73.20463392850989, -11.287054935076979], [-73.20145459737063, -11.286555560835518], [-73.1995059847545, -11.287206598229764], [-73.19442707268537, -11.290680192499575], [-73.19156877836426, -11.289980133561079], [-73.18575404974307, -11.28355901031855], [-73.1826550203, -11.282448682280359], [-73.18063953906459, -11.28308638358146], [-73.17700975499929, -11.285810851634194], [-73.17497198749939, -11.285601248082765], [-73.17044149889557, -11.283550103846041], [-73.16812729118642, -11.284950277259153], [-73.16547410655544, -11.29001580724944], [-73.16317767367259, -11.288651283362498], [-73.1567030084414, -11.288727134151156], [-73.14856514267667, -11.29058657552124], [-73.13600385390738, -11.290466121078785], [-73.12028553371422, -11.287786215927994], [-73.11038185868833, -11.28265380577551], [-73.09719187221832, -11.273949688865866], [-73.08933052458664, -11.271782509885085], [-73.0826997634022, -11.272348805819739], [-73.06685665341088, -11.281240262105003], [-73.0632715364851, -11.280950471326296], [-73.04794114704629, -11.273365520681013], [-73.04073964694447, -11.271702238037756], [-73.02464234023095, -11.260839908956298], [-73.02238602881835, -11.257986077126034], [-73.02012528147502, -11.250601778633923], [-73.01989781823647, -11.24692301361096], [-73.01752561119955, -11.245161716700133], [-73.01747210046055, -11.242285550546214], [-73.01641972010555, -11.239507534810516], [-73.00969093219125, -11.235249144551716], [-73.00144157016855, -11.231449926917799], [-72.99361590370992, -11.22526075391338], [-72.99244755408796, -11.223735685571482], [-72.99078880839177, -11.218786072225313], [-72.98645904051585, -11.213555581437815], [-72.9813489344585, -11.211348346019998], [-72.97709044313707, -11.212057324382307], [-72.97453093249743, -11.214148687665752], [-72.96694152801865, -11.216467341927736], [-72.9661879804735, -11.21790769304125], [-72.96991577827042, -11.219120522722147], [-72.97393788108333, -11.220841776419029], [-72.97572595089906, -11.22502884632199], [-72.97447299697218, -11.241469545630132], [-72.97450417223325, -11.25038772942906], [-72.97307722405742, -11.251649650972325], [-72.96939849262209, -11.252269505150512], [-72.96790916136085, -11.254846840202472], [-72.967436473103, -11.25865046020201], [-72.96846654664374, -11.265147370903074], [-72.96422593432085, -11.26901792212108], [-72.9622728825577, -11.268598698006656], [-72.96100643138436, -11.264179744873866], [-72.95741248451105, -11.26299807395684], [-72.9555307430134, -11.264054871838644], [-72.95751944317544, -11.269307710327281], [-72.95688625078375, -11.272411283414542], [-72.95375153156371, -11.274676476987574], [-72.94589013177281, -11.275367660771206], [-72.94513651731573, -11.276362027510249], [-72.94536396260992, -11.278850212727614], [-72.94307643336579, -11.28025038047516], [-72.94035191542034, -11.281182290500862], [-72.93959837352702, -11.283304830257071], [-72.93962955337524, -11.285770746496725], [-72.93596859675158, -11.290350233012179], [-72.93649478669495, -11.292040211339117], [-72.93987475660572, -11.29307028992575], [-72.94303182700259, -11.294938666597192], [-72.94686668207052, -11.294742404349302], [-72.95216406179689, -11.292949896960511], [-72.95341704372733, -11.293908596792829], [-72.95168251128196, -11.298978599083611], [-72.95468795082115, -11.302082125842778], [-72.9558873946824, -11.303990584468146], [-72.95494656480287, -11.305372950467998], [-72.9474106901246, -11.304949319558354], [-72.94083348889869, -11.305894622625676], [-72.93786374021808, -11.305578082026924], [-72.93516601742152, -11.303865748246125], [-72.93298995586345, -11.305029595963056], [-72.93277592628964, -11.310670387654952], [-72.93464874613058, -11.313359178539947], [-72.93736882356022, -11.314884205414778], [-72.9367980280164, -11.319700026877582], [-72.93876003058507, -11.322058888564536], [-72.94163613923443, -11.322585036444405], [-72.94412878065411, -11.32007909060899], [-72.94618885548365, -11.315049162749407], [-72.94230496738817, -11.312855285280238], [-72.94380770618743, -11.310090651380406], [-72.94707628346599, -11.310161995021579], [-72.95520517850257, -11.313657938620521], [-72.95883042628635, -11.31332797954154], [-72.96086379188438, -11.315512893183438], [-72.96053823470004, -11.318959845460395], [-72.95792970624834, -11.32008796715266], [-72.95372918433073, -11.319463663654293], [-72.95190995030711, -11.320529450615638], [-72.95144615108151, -11.325751029984252], [-72.9527036423132, -11.328239194986411], [-72.95782265766084, -11.327378627365563], [-72.9644712022429, -11.329104282034036], [-72.96540757912825, -11.331101927247769], [-72.9630888862139, -11.334098438014133], [-72.96093515669865, -11.334865430789762], [-72.9503046262205, -11.330156579571382], [-72.94867703368125, -11.330999415748192], [-72.94973836729805, -11.337358101243485], [-72.94811969196006, -11.33941815172223], [-72.9446326945756, -11.339770407914925], [-72.94046789325395, -11.338735907712943], [-72.9381803169216, -11.335039321796312], [-72.93770765954775, -11.332537767479987], [-72.92977048019017, -11.33001395198117], [-72.92560118335112, -11.327044127891872], [-72.9226091651204, -11.328529054422699], [-72.92088792656699, -11.33243073054532], [-72.92188233334667, -11.335931163620927], [-72.93397989646533, -11.343908479191244], [-72.93477806405862, -11.347466853734378], [-72.93270905890547, -11.350378667909096], [-72.9276479004889, -11.351769874693499], [-72.9212580583396, -11.355190009306074], [-72.92016108955775, -11.353852291900434], [-72.9259266982539, -11.348947310952394], [-72.92593562016775, -11.346646359948428], [-72.92321559256708, -11.343502671860023], [-72.91918010392729, -11.34378811458261], [-72.91543447721801, -11.345585085752518], [-72.91071227781306, -11.351381955865344], [-72.90305603535197, -11.352197984859375], [-72.89633169016687, -11.358110751506539], [-72.89396834101822, -11.357424063251157], [-72.89176107938167, -11.35408419358814], [-72.89579657897596, -11.347350890049508], [-72.89495384628677, -11.344126994476907], [-72.89087822313614, -11.342896291894235], [-72.8890989807999, -11.344002093951735], [-72.88913918064533, -11.347288504056586], [-72.8907711444861, -11.350958335520863], [-72.89068641892115, -11.3522470403066], [-72.88728412204188, -11.35663923106771], [-72.88501000854882, -11.357589014493593], [-72.88233900194344, -11.35692903767558], [-72.88160772163049, -11.35607735619829], [-72.88208039955698, -11.352447694215932], [-72.87932463093581, -11.35286680164196], [-72.87652880917312, -11.355230122309173], [-72.87718871508582, -11.359617862682581], [-72.87825000514371, -11.362181872233247], [-72.87802709315504, -11.363519598447255], [-72.87660010902468, -11.364848440916203], [-72.87475405804273, -11.364986690599912], [-72.8722837709714, -11.361111663991416], [-72.87116007720557, -11.357887810189549], [-72.86851577963463, -11.355948064810379], [-72.8611538705159, -11.354708457518855], [-72.85730565624533, -11.357178812788], [-72.85421542989579, -11.364237544953934], [-72.85289107376056, -11.365258700474607], [-72.84687580434175, -11.36208828384076], [-72.84507874909829, -11.362988960405849], [-72.84448123024588, -11.365838385701842], [-72.84611331508172, -11.371554915979878], [-72.84481118199645, -11.37340993461734], [-72.84366527387157, -11.373182473619334], [-72.84059741208314, -11.370440109265047], [-72.83716384921586, -11.371229436351493], [-72.83441261862797, -11.374627263226968], [-72.8340469515369, -11.378653779772701], [-72.83612041010828, -11.380366079036342], [-72.84146692899766, -11.380254628237862], [-72.84424494485104, -11.38344734010572], [-72.84430732926603, -11.385360313287716], [-72.84205553023446, -11.387291047785277], [-72.83947816930547, -11.387647845015861], [-72.83484067201107, -11.386216446604173], [-72.83127783494467, -11.388111527009588], [-72.82485226349979, -11.388700130644505], [-72.82241311483264, -11.389694557599196], [-72.82057152072713, -11.38847720182343], [-72.82063841917935, -11.386278893670971], [-72.8241432593889, -11.382912278053697], [-72.82276094790056, -11.378832181397785], [-72.81754826861221, -11.375345137562958], [-72.81548366853255, -11.375443245903982], [-72.81444031712991, -11.377641604524177], [-72.81461414923116, -11.379875588422225], [-72.8130267546222, -11.379764096625289], [-72.80686425534856, -11.376196832597635], [-72.8054953711008, -11.377128805935495], [-72.80430473674737, -11.384067111158377], [-72.80164267203955, -11.386100498958653], [-72.79981886515189, -11.38521312759897], [-72.79683133437032, -11.372455688415009], [-72.79703637718087, -11.37052481993303], [-72.80032280958625, -11.367349964550723], [-72.79966278553346, -11.365664456515274], [-72.79526618665071, -11.363996709448074], [-72.79200655738235, -11.364638863412775], [-72.78981712628277, -11.368014354442346], [-72.79046815967986, -11.371546024150982], [-72.79593055060481, -11.37810982041918], [-72.79740209955308, -11.38164138161295], [-72.79719696687924, -11.383500862257923], [-72.79638094289997, -11.384419414123952], [-72.79399976043578, -11.383723803163605], [-72.78429679890361, -11.375590432651261], [-72.7756282289479, -11.375929313631149], [-72.76459195673827, -11.372032015882272], [-72.76114506679083, -11.368322093056834], [-72.75804154427975, -11.362935480299104], [-72.74903421940756, -11.358124074507504], [-72.74442351734845, -11.354066342094805], [-72.7386712032081, -11.347752207888979], [-72.73784632809763, -11.347734367900586], [-72.7347249276418, -11.352139958428987], [-72.73055121447985, -11.351457751920393], [-72.72837071112819, -11.350824547894733], [-72.72702854124533, -11.349816826430136], [-72.72371985110848, -11.350967281808426], [-72.72248020846641, -11.353847841454312], [-72.72347912063648, -11.358088445814223], [-72.72246685954539, -11.361307859378186], [-72.71824405500676, -11.362351313699694], [-72.71718730547747, -11.360986823223334], [-72.71695991793989, -11.356077384214455], [-72.71893523317266, -11.351939333762324], [-72.71896202158726, -11.34993275130577], [-72.71532337100425, -11.34786813839323], [-72.71138601755841, -11.348345298838728], [-72.70783213591146, -11.351520184302206], [-72.70797925317783, -11.354770851068924], [-72.71051649380507, -11.356759653479623], [-72.71510491138426, -11.3587796164081], [-72.71505584363167, -11.362859700095647], [-72.71071709789271, -11.373200318022448], [-72.71028017043854, -11.379188867543583], [-72.7077250676812, -11.380945796955205], [-72.70542863708641, -11.381101855599985], [-72.70084464305961, -11.38011194825817], [-72.69825841416451, -11.381908963567696], [-72.69490514405788, -11.386381423991784], [-72.69287181781581, -11.388338937382388], [-72.69313936880135, -11.395161426238372], [-72.69008488666952, -11.396842468084534], [-72.68646855065968, -11.395388836093716], [-72.68352557680066, -11.392766829129835], [-72.68221014010949, -11.390300985382316], [-72.6769394841307, -11.387670119154361], [-72.67384484180508, -11.387638912031397], [-72.67254721699754, -11.388798255196386], [-72.67069224429461, -11.388437078543594], [-72.66866332415837, -11.386078232982847], [-72.6655731817353, -11.386809537393155], [-72.6648820376727, -11.387790497684644], [-72.66475717865679, -11.392249589121096], [-72.66499354466099, -11.394216093992418], [-72.66188107391538, -11.396088926520118], [-72.6578366092793, -11.396552647498426], [-72.65428278621167, -11.395852556337273], [-72.65124606004726, -11.398817840992587], [-72.6534711676512, -11.401769755292117], [-72.65349345201041, -11.40312983702781], [-72.64943568162168, -11.405359393242541], [-72.64897194262737, -11.408400443874113], [-72.64691181253876, -11.410228690267278], [-72.64640801012585, -11.41225310860111], [-72.64457531218156, -11.413269776378312], [-72.64354523144968, -11.412088175738859], [-72.64070921734492, -11.406607941325673], [-72.63624567711501, -11.405470852529389], [-72.63361926981126, -11.405658129481091], [-72.63192037800754, -11.40844954829685], [-72.63358363010231, -11.414897366021716], [-72.63082789862871, -11.416609637663647], [-72.62876780258757, -11.416703325328319], [-72.62386273669257, -11.412850628613539], [-72.62185618198868, -11.41413932998255], [-72.61938581890153, -11.417091223073724], [-72.61759768274578, -11.417724416807378], [-72.61818184889769, -11.41950811755363], [-72.62406792086864, -11.421791126269238], [-72.62541009562786, -11.424930315479575], [-72.6235729160197, -11.4267095741903], [-72.61638486150139, -11.428439664031286], [-72.60888466070283, -11.429037221001751], [-72.60817116516911, -11.43053101889138], [-72.61065490071597, -11.433219803514755], [-72.61125685895053, -11.439217276659265], [-72.60842093846084, -11.44020721947834], [-72.6068334121071, -11.438891815040035], [-72.60613335616415, -11.435855156783463], [-72.60382355508828, -11.432091711313468], [-72.60523261110667, -11.422388704951642], [-72.60161633432534, -11.418344222968706], [-72.59631892735997, -11.420547062121999], [-72.59485630986471, -11.427949181412629], [-72.59159228227193, -11.431886591086945], [-72.59238595824704, -11.433701395742501], [-72.5956812892369, -11.434718059765874], [-72.59758977712906, -11.437692289624255], [-72.59631892735997, -11.440778012514116], [-72.59429447051086, -11.441049991199957], [-72.59200252146027, -11.439837119398804], [-72.59121768802244, -11.43777704030536], [-72.5910705032867, -11.43400906999727], [-72.58884990770743, -11.432599992647859], [-72.58428827329747, -11.431636869869388], [-72.58043110805632, -11.430789634454177], [-72.57898635967484, -11.432247700808018], [-72.58006543198367, -11.435431512606373], [-72.5832982901821, -11.437652166552178], [-72.5835479973105, -11.43834775966099], [-72.5824154241964, -11.439239609241307], [-72.57942784401301, -11.438539539336675], [-72.57710905012895, -11.438896274147519], [-72.56839601527813, -11.433531998079737], [-72.56656781567578, -11.431627931523193], [-72.56295144970825, -11.434125036833661], [-72.56024027039052, -11.435427039047498], [-72.55848791655987, -11.43471810632665], [-72.55583914673885, -11.432162995150222], [-72.55343575381772, -11.432122855400415], [-72.55193300148166, -11.434401512242413], [-72.55264195869292, -11.442543762042549], [-72.54988184338684, -11.447270491747602], [-72.54772804685331, -11.448425376462376], [-72.54659992079618, -11.447368587450356], [-72.5465151689898, -11.443114565815653], [-72.54837022540221, -11.441255157625955], [-72.54921737517927, -11.437094761179774], [-72.5460647835296, -11.432836329462152], [-72.54383080601335, -11.432791762133347], [-72.53633951755184, -11.43474035702671], [-72.53739186892624, -11.431271197259518], [-72.5371243361363, -11.427423027929207], [-72.53527822606802, -11.42513989624702], [-72.53276777349778, -11.42517115185066], [-72.53134090360173, -11.428680433593101], [-72.53283023498327, -11.43331796518659], [-72.5351890477818, -11.435186262717671], [-72.53389595921901, -11.439003242751367], [-72.53185810873167, -11.439105862708455], [-72.53065418359043, -11.437625421573513], [-72.52572686061335, -11.439266330768048], [-72.5250089845018, -11.438378991135222], [-72.52620842232652, -11.433777174777711], [-72.52395658342013, -11.431016989772374], [-72.51891332215871, -11.432675839909395], [-72.51708071437885, -11.43233246223383], [-72.51602828155043, -11.431061588784576], [-72.51741064249286, -11.426183403170889], [-72.51930128959941, -11.421835756673138], [-72.51851650796266, -11.418388887036697], [-72.51659462254585, -11.417086802416945], [-72.51523013044022, -11.416979810891785], [-72.51291591182512, -11.419378738292], [-72.51251899831564, -11.421037532004835], [-72.51331273446736, -11.423779907781588], [-72.51235849957406, -11.424970510187496], [-72.51047673931663, -11.424689548083217], [-72.50707002037953, -11.420136810992197], [-72.50897852501558, -11.415441426359441], [-72.50838544753107, -11.414206201876372], [-72.51019139591077, -11.412645510185904], [-72.50889818430814, -11.410139523872465], [-72.50660178378112, -11.408436153646818], [-72.50685147396193, -11.406483092160036], [-72.50348487937944, -11.409261042018178], [-72.50150953299053, -11.408748314337988], [-72.49767461785581, -11.403045048423841], [-72.50112596273647, -11.400516746733999], [-72.50360078901828, -11.400672841602747], [-72.50292302383556, -11.398697492565235], [-72.49852635459821, -11.394795789646155], [-72.49738483716189, -11.397810071726578], [-72.49614076260487, -11.398795563206292], [-72.49532467684854, -11.398746532893721], [-72.49412518871127, -11.397475642038259], [-72.49354110544121, -11.399718627173968], [-72.49495463890425, -11.401698403389489], [-72.4930371858868, -11.40360248415152], [-72.49185104827198, -11.399651677387556], [-72.49005851604089, -11.39922812780802], [-72.48882334449635, -11.402349425839954], [-72.48765506299739, -11.401930324460087], [-72.4877174448999, -11.398920404904473], [-72.48230858149375, -11.397613871341935], [-72.48741871580077, -11.393529392937912], [-72.48724484068504, -11.392842674765378], [-72.485077711617, -11.392610820460664], [-72.48623706693434, -11.390586336335444], [-72.48548793728314, -11.389516134220877], [-72.48269651242795, -11.38907914929255], [-72.4803689183165, -11.387019070886211], [-72.47518741580625, -11.392200526504144], [-72.47279285636546, -11.3919463466016], [-72.47091117597196, -11.389859524465129], [-72.47015306501123, -11.38571705999253], [-72.46811526432506, -11.385248825135832], [-72.46649212699941, -11.386524130841025], [-72.46740626023427, -11.388392509331034], [-72.46488243231862, -11.39035448637493], [-72.46392820353842, -11.389565194545044], [-72.46396829042506, -11.38748725900884], [-72.46151133233836, -11.387629965880357], [-72.46216681229139, -11.389440357117397], [-72.46115018567049, -11.390055733429772], [-72.4589161215174, -11.387594278227425], [-72.45813585594006, -11.384067193794762], [-72.45612477906877, -11.383697034462353], [-72.45415386570488, -11.385395948545893], [-72.44911063050104, -11.385288964334954], [-72.44767030783238, -11.383888805770995], [-72.44776836414762, -11.379295952698794], [-72.44889212668326, -11.37810535051915], [-72.45146946717095, -11.376968233538221], [-72.45088086600865, -11.37514893207802], [-72.44892779157482, -11.373846935990738], [-72.44973038581331, -11.371407784570653], [-72.44872265066537, -11.370716593704396], [-72.44741171347333, -11.372727647101192], [-72.4452267436925, -11.372486893375287], [-72.4433895638932, -11.37394944843333], [-72.44093259726071, -11.374475632788476], [-72.43774431292526, -11.372790063998586], [-72.4361256865594, -11.372727680164246], [-72.43437323214947, -11.36969098449068], [-72.43683025885883, -11.36683717116473], [-72.43627286764878, -11.365887420203812], [-72.43215709414699, -11.367171597279059], [-72.43029761176986, -11.36674803870871], [-72.42697113520492, -11.3683577773695], [-72.42551299515675, -11.368299770340784], [-72.42493336694267, -11.36755066378479], [-72.42647621005621, -11.364219686621807], [-72.425829582341, -11.357513198142497], [-72.42346185154186, -11.354833253688792], [-72.42165594729758, -11.354672768865612], [-72.41780769375227, -11.356661492356928], [-72.41317022966204, -11.35172971535865], [-72.40987496750219, -11.352630512473114], [-72.40728864936004, -11.356661483079943], [-72.40456865401356, -11.357334869661361], [-72.402655700671, -11.355457584674115], [-72.40464893580838, -11.353022911500593], [-72.40204477730377, -11.347908342783828], [-72.40017641789487, -11.343400133549494], [-72.39850428444848, -11.343302084505723], [-72.39927569229242, -11.347520382416212], [-72.39695694676018, -11.349638398645709], [-72.39501720823337, -11.349277239841777], [-72.39467836892416, -11.344751243941316], [-72.39643081019871, -11.343195040489212], [-72.3932425416865, -11.341901918858573], [-72.38884587748286, -11.34336890181428], [-72.3883598233493, -11.34410027238977], [-72.39073653128729, -11.34624950978797], [-72.39024596501083, -11.34679352560398], [-72.38885472795884, -11.346664207647212], [-72.38658059770931, -11.34734196508607], [-72.38586270879135, -11.342486025662733], [-72.3847122221459, -11.339431590863885], [-72.3815373631252, -11.338098268028153], [-72.38055637712138, -11.339235375829567], [-72.38004357526081, -11.338312290689741], [-72.38253622758347, -11.335520921896805], [-72.38146159016543, -11.333799721759751], [-72.38027098557458, -11.333746176038257], [-72.37939701725895, -11.332328184769855], [-72.37644950976532, -11.332626989979879], [-72.37386323444254, -11.335891055881124], [-72.3734976352258, -11.334557782980045], [-72.37402824163604, -11.332163182672097], [-72.37333705320151, -11.33117774610512], [-72.37245421164393, -11.332421883880533], [-72.37160695201125, -11.334120751449767], [-72.36956018731755, -11.333460789679256], [-72.3690028382238, -11.335948963364764], [-72.36772303540063, -11.334731628801384], [-72.36584576967152, -11.334762908595385], [-72.3611993799451, -11.333309221229605], [-72.35906348098219, -11.332323766388196], [-72.3586041991102, -11.33000503146919], [-72.35553633902873, -11.329991635979438], [-72.3504886472512, -11.32548793488018], [-72.34987778759981, -11.322758988772378], [-72.34776862681346, -11.32251817233508], [-72.34606519058269, -11.323606181434913], [-72.34398725324836, -11.323708736182686], [-72.34384905472888, -11.324770039406426], [-72.34134746886478, -11.323360936794714], [-72.33959060944089, -11.323525913249759], [-72.33743241196939, -11.318406879421351], [-72.33885037662286, -11.317537356181607], [-72.3374413544372, -11.316779333714765], [-72.33514484689849, -11.31662322204876], [-72.33460088687234, -11.315847392627617], [-72.33316501512877, -11.316859578717354], [-72.32923213713661, -11.316801604077853], [-72.32529477681923, -11.317394643407189], [-72.3235289625058, -11.316864033334062], [-72.32475964991664, -11.321697679128544], [-72.32417547154218, -11.323080035896632], [-72.32472839500475, -11.324150175767485], [-72.32324351161853, -11.324395457279438], [-72.31970299278841, -11.321461349325284], [-72.31712566819857, -11.321247354802228], [-72.3152706408862, -11.321630821367396], [-72.31463748067914, -11.320533847038275], [-72.31541337048039, -11.319753537760993], [-72.31774102683825, -11.319686660526605], [-72.31592620272538, -11.31718958862729], [-72.31498084538255, -11.315089280913577], [-72.31512348479085, -11.313782781968861], [-72.31368326603618, -11.312601139049676], [-72.31313474695757, -11.31307823643716], [-72.31217158385327, -11.311999175155346], [-72.31251495161295, -11.310451844952343], [-72.30901458599517, -11.307651555882726], [-72.30746728528464, -11.304503403620172], [-72.30628114805916, -11.303638360563092], [-72.30655758262569, -11.301765539862693], [-72.30782393850238, -11.300530314836832], [-72.30383306404713, -11.300690908904476], [-72.3002479402753, -11.302247123778145], [-72.29139663777426, -11.30170752723925], [-72.28822178691102, -11.305453180569959], [-72.28448504359307, -11.306911318454326], [-72.27867930954913, -11.309310292723632], [-72.2755980954155, -11.310951276673595], [-72.27084466158983, -11.311963512525365], [-72.26694297647309, -11.315307777785685], [-72.26021862224616, -11.315990056775814], [-72.25819416470972, -11.318108156641628], [-72.25675835052023, -11.321287473295605], [-72.25298152154352, -11.324069929777682], [-72.24913777801487, -11.321706598597379], [-72.24681009203577, -11.321639773057537], [-72.24292623549309, -11.324538154359066]]]}}