{"type": "FeatureCollection", "features": [{"type": "Feature", "properties": {"NAME_1": "Ucayali", "NAME_2": "Atalaya", "NAME_3": "Raymondi", "GID_3": "PER.26.1.1_1"}, "geometry": {"type": "MultiPolygon", "coordinates": [[[[-73.4807, -11.0619], [-73.4883, -11.0579], [-73.4979, -11.0619], [-73.5061, -11.0573], [-73.5125, -11.0594], [-73.5192, -11.0592], [-73.5271, -11.0555], [-73.5401, -11.0419], [-73.5422, -11.0212], [-73.5466, -11.0145], [-73.5471, -11.0077], [-73.5495, -11.0053], [-73.5483, -11.0032], [-73.5553, -11.0005], [-73.5535, -10.9939], [-73.5588, -10.9868], [-73.559, -10.9747], [-73.5663, -10.968], [-73.5727, -10.9541], [-73.5718, -10.9485], [-73.5644, -10.9344], [-73.5673, -10.9071], [-73.5642, -10.898], [-73.5638, -10.8907], [-73.5677, -10.8842], [-73.5765, -10.8796], [-73.588, -10.8549], [-73.5906, -10.8525], [-73.6057, -10.8494], [-73.6128, -10.8459], [-73.6364, -10.8236], [-73.6605, -10.807], [-73.6622, -10.8026], [-73.6674, -10.8021], [-73.6684, -10.7991], [-73.6663, -10.7934], [-73.6719, -10.7886], [-73.6789, -10.7893], [-73.6948, -10.7747], [-73.705, -10.7712], [-73.7153, -10.7596], [-73.7262, -10.757], [-73.7319, -10.7538], [-73.7352, -10.7485], [-73.736, -10.7387], [-73.739, -10.7352], [-73.7431, -10.734], [-73.7613, -10.7375], [-73.7692, -10.7438], [-73.77, -10.7502], [-73.7735, -10.7586], [-73.782, -10.7601], [-73.779, -10.7762], [-73.7812, -10.7837], [-73.7878, -10.7947], [-73.792, -10.7969], [-73.7909, -10.8073], [-73.7944, -10.8138], [-73.8014, -10.8161], [-73.812, -10.809], [-73.8172, -10.8123], [-73.8188, -10.823], [-73.817, -10.8293], [-73.8228, -10.8347], [-73.822, -10.8434], [-73.8176, -10.8491], [-73.8166, -10.8563], [-73.821, -10.8786], [-73.8187, -10.8815], [-73.8145, -10.8831], [-73.8131, -10.8883], [-73.821, -10.896], [-73.8179, -10.9017], [-73.827, -10.911], [-73.8239, -10.9219], [-73.8296, -10.9272], [-73.832, -10.9332], [-73.8373, -10.9344], [-73.843, -10.9396], [-73.8462, -10.9498], [-73.8565, -10.9584], [-73.8582, -10.9709], [-73.8633, -10.9777], [-73.8617, -10.9849], [-73.8639, -10.9914], [-73.8635, -11.0074], [-73.8669, -11.025], [-73.8672, -11.0359], [-73.8629, -11.0701], [-73.863, -11.0897], [-73.8649, -11.1024], [-73.861, -11.1279], [-73.8623, -11.1376], [-73.8601, -11.1535], [-73.8637, -11.1609], [-73.8735, -11.1666], [-73.8789, -11.1765], [-73.8881, -11.1825], [-73.8989, -11.1709], [-73.9065, -11.1657], [-73.9204, -11.162], [-73.9274, -11.1632], [-73.9342, -11.1624], [-73.9479, -11.1531], [-73.9552, -11.1507], [-73.9603, -11.1402], [-73.9683, -11.1308], [-73.9753, -11.1262], [-73.9807, -11.1062], [-73.9807, -11.0961], [-73.9834, -11.093], [-73.9782, -11.0845], [-73.9786, -11.0703], [-73.9892, -11.0536], [-73.9942, -11.0211], [-74.0017, -11.0098], [-74.0041, -10.9971], [-74.0073, -10.9922], [-74.0207, -10.9938], [-74.0327, -10.9894], [-74.0406, -10.9841], [-74.05, -10.9919], [-74.0591, -10.9937], [-74.0656, -10.9924], [-74.0764, -10.9928], [-74.0985, -10.9864], [-74.105, -10.9863], [-74.1182, -10.9908], [-74.1311, -10.9863], [-74.1386, -10.9885], [-74.1443, -10.9974], [-74.1581, -10.9985], [-74.1647, -10.9935], [-74.1746, -10.9925], [-74.1827, -10.9862], [-74.1909, -10.9855], [-74.1944, -10.9878], [-74.1921, -11.0008], [-74.1936, -11.0031], [-74.1973, -11.0031], [-74.1993, -11.0051], [-74.2018, -11.0209], [-74.2039, -11.0248], [-74.2176, -11.0244], [-74.2222, -11.0214], [-74.2432, -11.0174], [-74.2516, -11.0182], [-74.2632, -11.025], [-74.272, -11.0259], [-74.2769, -11.0291], [-74.2883, -11.0243], [-74.297, -11.0307], [-74.3185, -11.035], [-74.3402, -11.0539], [-74.3534, -11.0556], [-74.3588, -11.0531], [-74.38, -11.0495], [-74.3825, -11.0461], [-74.3957, -11.0446], [-74.4126, -11.0341], [-74.4211, -11.0211], [-74.4177, -11.0151], [-74.4203, -11.0118], [-74.4201, -11.008], [-74.4132, -11.0008], [-74.4136, -10.9976], [-74.434, -10.9883], [-74.4401, -10.9756], [-74.4498, -10.9689], [-74.4558, -10.9603], [-74.4602, -10.9588], [-74.4712, -10.9623], [-74.4759, -10.9618], [-74.483, -10.9512], [-74.5021, -10.9303], [-74.5404, -10.9301], [-74.5493, -10.9195], [-74.5688, -10.9149], [-74.5739, -10.9121], [-74.5712, -10.8995], [-74.5601, -10.8912], [-74.5527, -10.8882], [-74.5457, -10.8879], [-74.5377, -10.8938], [-74.5258, -10.8926], [-74.5138, -10.8966], [-74.5028, -10.8976], [-74.5, -10.8964], [-74.4985, -10.8927], [-74.4984, -10.8823], [-74.494, -10.8697], [-74.4872, -10.8577], [-74.4877, -10.8535], [-74.4919, -10.8479], [-74.4906, -10.843], [-74.4812, -10.8353], [-74.467, -10.8364], [-74.4554, -10.8261], [-74.4362, -10.8168], [-74.4314, -10.8123], [-74.4226, -10.8148], [-74.4107, -10.8065], [-74.4052, -10.8056], [-74.3963, -10.8135], [-74.3894, -10.8117], [-74.3752, -10.7911], [-74.3708, -10.7774], [-74.3702, -10.7706], [-74.3556, -10.7634], [-74.3515, -10.7572], [-74.3487, -10.7466], [-74.3457, -10.742], [-74.3344, -10.7325], [-74.3291, -10.7298], [-74.3265, -10.7239], [-74.3204, -10.7211], [-74.3164, -10.7158], [-74.3106, -10.7136], [-74.3061, -10.708], [-74.305, -10.703], [-74.3001, -10.7004], [-74.288, -10.6842], [-74.2864, -10.6738], [-74.2818, -10.6729], [-74.2742, -10.6761], [-74.2708, -10.6739], [-74.2665, -10.6737], [-74.2644, -10.6762], [-74.2617, -10.6757], [-74.2608, -10.67], [-74.2564, -10.6628], [-74.2413, -10.6459], [-74.234, -10.6433], [-74.2306, -10.6359], [-74.2275, -10.6333], [-74.2242, -10.6334], [-74.2207, -10.6382], [-74.2178, -10.6392], [-74.2124, -10.6392], [-74.2029, -10.6356], [-74.1945, -10.6386], [-74.183, -10.6363], [-74.1661, -10.6381], [-74.1603, -10.6414], [-74.157, -10.6505], [-74.1448, -10.6554], [-74.1395, -10.6671], [-74.1356, -10.6646], [-74.1318, -10.657], [-74.1316, -10.654], [-74.1349, -10.646], [-74.1349, -10.6397], [-74.1399, -10.626], [-74.1403, -10.615], [-74.1388, -10.6097], [-74.1332, -10.6049], [-74.1347, -10.5991], [-74.144, -10.5799], [-74.1541, -10.5668], [-74.1563, -10.5525], [-74.1607, -10.5419], [-74.1696, -10.5311], [-74.1818, -10.5054], [-74.1827, -10.4873], [-74.1891, -10.4631], [-74.1962, -10.4568], [-74.2104, -10.4541], [-74.2187, -10.4459], [-74.2338, -10.4382], [-74.2887, -10.423], [-74.3007, -10.4087], [-74.3055, -10.3859], [-74.3111, -10.3769], [-74.3237, -10.3713], [-74.3539, -10.3678], [-74.3709, -10.3621], [-74.3818, -10.3557], [-74.3985, -10.3418], [-74.4083, -10.3266], [-74.4101, -10.3161], [-74.4064, -10.3049], [-74.3954, -10.2864], [-74.3956, -10.2784], [-74.3999, -10.2677], [-74.3972, -10.2599], [-74.3898, -10.2558], [-74.3843, -10.2565], [-74.3789, -10.259], [-74.3685, -10.2695], [-74.3631, -10.2726], [-74.3566, -10.275], [-74.3445, -10.2739], [-74.3304, -10.2636], [-74.322, -10.26], [-74.3106, -10.247], [-74.3028, -10.2413], [-74.2667, -10.2312], [-74.2568, -10.2255], [-74.2492, -10.2176], [-74.2423, -10.2045], [-74.2403, -10.2034], [-74.2333, -10.2087], [-74.2247, -10.2269], [-74.2221, -10.239], [-74.2224, -10.257], [-74.2177, -10.2838], [-74.2125, -10.2945], [-74.2019, -10.3083], [-74.1975, -10.3086], [-74.1901, -10.3122], [-74.1648, -10.3129], [-74.157, -10.3158], [-74.129, -10.3131], [-74.1169, -10.314], [-74.1088, -10.3204], [-74.0976, -10.3359], [-74.0841, -10.3484], [-74.0431, -10.376], [-74.0374, -10.3721], [-74.0278, -10.3429], [-74.0281, -10.3342], [-74.0307, -10.3244], [-74.0387, -10.3144], [-74.0397, -10.3108], [-74.0378, -10.3028], [-74.0307, -10.2959], [-74.0239, -10.2956], [-74.0087, -10.3004], [-73.9991, -10.3008], [-73.9695, -10.2853], [-73.9572, -10.2888], [-73.9346, -10.2898], [-73.8972, -10.281], [-73.8775, -10.2852], [-73.863, -10.2859], [-73.8579, -10.288], [-73.7911, -10.2979], [-73.7553, -10.2994], [-73.7426, -10.2958], [-73.7241, -10.2953], [-73.7137, -10.2993], [-73.6968, -10.309], [-73.6915, -10.3082], [-73.6839, -10.303], [-73.6688, -10.2973], [-73.6619, -10.2962], [-73.6239, -10.301], [-73.6144, -10.2907], [-73.592, -10.2858], [-73.5863, -10.2782], [-73.575, -10.2702], [-73.5668, -10.2564], [-73.5618, -10.2441], [-73.5568, -10.2409], [-73.5431, -10.2249], [-73.529, -10.2141], [-73.5121, -10.2069], [-73.5033, -10.1991], [-73.4984, -10.197], [-73.4773, -10.1816], [-73.4504, -10.1683], [-73.4341, -10.164], [-73.4095, -10.1616], [-73.3848, -10.147], [-73.3742, -10.1502], [-73.3692, -10.15], [-73.3566, -10.138], [-73.3362, -10.1238], [-73.3147, -10.1147], [-73.3059, -10.1152], [-73.2996, -10.1133], [-73.2951, -10.115], [-73.2873, -10.1217], [-73.2787, -10.137], [-73.257, -10.1525], [-73.2489, -10.1628], [-73.2409, -10.1658], [-73.2238, -10.1667], [-73.2049, -10.1663], [-73.1738, -10.1567], [-73.1314, -10.1342], [-73.1108, -10.1182], [-73.1043, -10.1148], [-73.0972, -10.1168], [-73.0937, -10.1209], [-73.0849, -10.1216], [-73.0776, -10.1277], [-73.0732, -10.1293], [-73.0694, -10.1335], [-73.063, -10.1338], [-73.0591, -10.1364], [-73.052, -10.1481], [-73.0508, -10.156], [-73.053, -10.163], [-73.0326, -10.1797], [-73.0316, -10.1846], [-73.0329, -10.1907], [-73.0266, -10.1947], [-73.0246, -10.1995], [-73.0219, -10.2016], [-73.0184, -10.2014], [-73.0154, -10.196], [-73.0081, -10.192], [-72.9941, -10.1917], [-72.9728, -10.1847], [-72.957, -10.1854], [-72.9379, -10.1794], [-72.9276, -10.1797], [-72.8909, -10.1664], [-72.8857, -10.1676], [-72.8756, -10.1768], [-72.8579, -10.1743], [-72.8516, -10.1759], [-72.8411, -10.1713], [-72.8319, -10.175], [-72.8283, -10.1808], [-72.8193, -10.1773], [-72.8165, -10.1842], [-72.8105, -10.1845], [-72.8088, -10.1874], [-72.8048, -10.1895], [-72.8031, -10.195], [-72.7991, -10.1988], [-72.7848, -10.1931], [-72.7781, -10.1877], [-72.7665, -10.1847], [-72.7608, -10.187], [-72.7564, -10.1913], [-72.7433, -10.1909], [-72.7381, -10.1939], [-72.7245, -10.1918], [-72.7211, -10.1927], [-72.7182, -10.1958], [-72.7182, -10.2034], [-72.7154, -10.2078], [-72.7085, -10.2102], [-72.6932, -10.2114], [-72.6918, -10.213], [-72.6935, -10.2168], [-72.6859, -10.2186], [-72.684, -10.2222], [-72.6793, -10.224], [-72.6712, -10.2209], [-72.6621, -10.2259], [-72.659, -10.225], [-72.6559, -10.2208], [-72.6356, -10.2214], [-72.6308, -10.2232], [-72.6221, -10.2307], [-72.621, -10.2346], [-72.6219, -10.2399], [-72.6174, -10.2425], [-72.6197, -10.2462], [-72.6151, -10.2486], [-72.6115, -10.2531], [-72.6115, -10.2584], [-72.6094, -10.2609], [-72.5994, -10.2631], [-72.5899, -10.2704], [-72.5865, -10.271], [-72.5758, -10.258], [-72.5698, -10.2561], [-72.5654, -10.2587], [-72.5655, -10.2623], [-72.5614, -10.2699], [-72.555, -10.2756], [-72.5556, -10.2828], [-72.5526, -10.2899], [-72.5492, -10.2906], [-72.5471, -10.2945], [-72.5496, -10.3065], [-72.5405, -10.3165], [-72.54, -10.319], [-72.5429, -10.3233], [-72.5378, -10.3254], [-72.5372, -10.3312], [-72.5389, -10.3337], [-72.533, -10.3401], [-72.5303, -10.3459], [-72.5263, -10.3499], [-72.5234, -10.3505], [-72.5067, -10.3437], [-72.5032, -10.346], [-72.4981, -10.3544], [-72.492, -10.3572], [-72.4868, -10.3646], [-72.4776, -10.3656], [-72.4799, -10.3784], [-72.4737, -10.3823], [-72.4711, -10.3884], [-72.4605, -10.3939], [-72.4603, -10.4021], [-72.4525, -10.4061], [-72.4537, -10.412], [-72.4523, -10.4155], [-72.4359, -10.4305], [-72.433, -10.438], [-72.4263, -10.4414], [-72.4227, -10.4454], [-72.4256, -10.4623], [-72.4237, -10.4654], [-72.4238, -10.4696], [-72.417, -10.4743], [-72.42, -10.4766], [-72.4214, -10.4806], [-72.4247, -10.4815], [-72.4249, -10.4862], [-72.4304, -10.4908], [-72.4384, -10.4927], [-72.4448, -10.4966], [-72.4526, -10.4962], [-72.4572, -10.5009], [-72.4661, -10.5052], [-72.4649, -10.5074], [-72.4603, -10.5094], [-72.4518, -10.5105], [-72.4475, -10.5132], [-72.4382, -10.5139], [-72.4205, -10.5107], [-72.4105, -10.5189], [-72.4053, -10.521], [-72.4018, -10.5263], [-72.396, -10.5307], [-72.3811, -10.5372], [-72.3796, -10.5494], [-72.3842, -10.5566], [-72.3854, -10.5644], [-72.3908, -10.5705], [-72.3922, -10.5794], [-72.3906, -10.5849], [-72.3859, -10.5893], [-72.3859, -10.5934], [-72.3936, -10.6009], [-72.3972, -10.6083], [-72.4001, -10.6103], [-72.4054, -10.6108], [-72.4086, -10.6167], [-72.4057, -10.636], [-72.403, -10.6411], [-72.4029, -10.6466], [-72.4047, -10.6485], [-72.4203, -10.6512], [-72.4302, -10.6473], [-72.432, -10.6414], [-72.4363, -10.6364], [-72.4425, -10.6356], [-72.4458, -10.6386], [-72.4458, -10.642], [-72.4513, -10.6513], [-72.4517, -10.6575], [-72.455, -10.6621], [-72.4556, -10.6703], [-72.4622, -10.6753], [-72.4643, -10.6806], [-72.4641, -10.6839], [-72.4606, -10.6897], [-72.4611, -10.6967], [-72.4592, -10.7069], [-72.4811, -10.7218], [-72.4798, -10.7252], [-72.4726, -10.7239], [-72.4683, -10.7261], [-72.4689, -10.7387], [-72.4667, -10.743], [-72.4666, -10.7486], [-72.4695, -10.7596], [-72.4816, -10.7668], [-72.479, -10.7754], [-72.4842, -10.7811], [-72.4866, -10.7874], [-72.4849, -10.7921], [-72.489, -10.7922], [-72.4977, -10.7864], [-72.504, -10.7896], [-72.5217, -10.7907], [-72.5246, -10.7876], [-72.5269, -10.7767], [-72.5297, -10.7723], [-72.5463, -10.7716], [-72.5506, -10.7692], [-72.5553, -10.7617], [-72.5669, -10.7643], [-72.5714, -10.7584], [-72.5773, -10.7585], [-72.5831, -10.7557], [-72.5873, -10.7563], [-72.593, -10.7543], [-72.6029, -10.7573], [-72.6093, -10.7565], [-72.6162, -10.7513], [-72.6289, -10.7369], [-72.6441, -10.7359], [-72.6498, -10.7299], [-72.6522, -10.7251], [-72.6582, -10.7204], [-72.6611, -10.7133], [-72.6644, -10.7106], [-72.6691, -10.7091], [-72.6771, -10.7111], [-72.6884, -10.7046], [-72.6987, -10.7029], [-72.7009, -10.7032], [-72.7028, -10.7091], [-72.7118, -10.7142], [-72.7145, -10.7192], [-72.7228, -10.7198], [-72.7372, -10.7158], [-72.7415, -10.7169], [-72.7448, -10.7204], [-72.7534, -10.7219], [-72.7594, -10.7329], [-72.7762, -10.7439], [-72.7805, -10.7525], [-72.7805, -10.7625], [-72.7826, -10.7663], [-72.7905, -10.7693], [-72.7967, -10.7679], [-72.804, -10.7711], [-72.8098, -10.7715], [-72.8117, -10.7734], [-72.8114, -10.7782], [-72.8165, -10.781], [-72.8177, -10.7868], [-72.8251, -10.7893], [-72.8406, -10.79], [-72.8463, -10.7831], [-72.8608, -10.7776], [-72.87, -10.7698], [-72.8978, -10.7779], [-72.9045, -10.7757], [-72.9186, -10.7744], [-72.9281, -10.7703], [-72.9364, -10.7631], [-72.9443, -10.7626], [-72.9479, -10.7662], [-72.9461, -10.7735], [-72.9515, -10.7826], [-72.9523, -10.7903], [-72.9566, -10.7942], [-72.9619, -10.7953], [-72.9744, -10.8029], [-72.9838, -10.8178], [-72.9884, -10.8202], [-73.0003, -10.8313], [-73.0079, -10.8285], [-73.0114, -10.8221], [-73.0191, -10.8161], [-73.0223, -10.8115], [-73.0311, -10.809], [-73.0361, -10.8002], [-73.0396, -10.7979], [-73.0514, -10.7994], [-73.0593, -10.7966], [-73.0638, -10.7976], [-73.0684, -10.7961], [-73.0755, -10.799], [-73.0884, -10.7979], [-73.0928, -10.8053], [-73.1072, -10.8098], [-73.1156, -10.8101], [-73.1211, -10.8073], [-73.1248, -10.8007], [-73.1337, -10.7927], [-73.1531, -10.7955], [-73.1589, -10.7933], [-73.1643, -10.7888], [-73.1709, -10.7877], [-73.1764, -10.7832], [-73.1958, -10.783], [-73.2069, -10.7782], [-73.2247, -10.7781], [-73.2505, -10.7699], [-73.2618, -10.7696], [-73.2689, -10.775], [-73.2722, -10.781], [-73.2856, -10.792], [-73.2998, -10.8138], [-73.3144, -10.8196], [-73.3183, -10.8287], [-73.3237, -10.8353], [-73.3223, -10.8449], [-73.3134, -10.8586], [-73.3083, -10.8715], [-73.3062, -10.8888], [-73.3075, -10.8987], [-73.3056, -10.9121], [-73.311, -10.9277], [-73.3094, -10.9424], [-73.3167, -10.9538], [-73.3156, -10.9634], [-73.3196, -10.9708], [-73.3156, -10.9812], [-73.3196, -11.0], [-73.3282, -11.0103], [-73.3318, -11.0173], [-73.337, -11.0227], [-73.3458, -11.0272], [-73.3608, -11.0419], [-73.3762, -11.0438], [-73.383, -11.04], [-73.3949, -11.0252], [-73.4023, -11.021], [-73.408, -11.0213], [-73.4136, -11.0288], [-73.4229, -11.0321], [-73.4326, -11.0281], [-73.4429, -11.0275], [-73.448, -11.0181], [-73.4546, -11.0184], [-73.4638, -11.0159], [-73.4706, -11.0168], [-73.4761, -11.0201], [-73.4769, -11.0234], [-73.4753, -11.0265], [-73.4682, -11.0317], [-73.4668, -11.036], [-73.4807, -11.0619]]]]}}, {"type": "Feature", "properties": {"NAME_1": "Ucayali", "NAME_2": "Atalaya", "NAME_3": "Sepahua", "GID_3": "PER.26.1.2_1"}, "geometry": {"type": "MultiPolygon", "coordinates": [[[[-72.2429, -11.3245], [-72.2477, -11.3214], [-72.2534, -11.3242], [-72.2602, -11.316], [-72.2672, -11.3152], [-72.2712, -11.3116], [-72.2861, -11.3067], [-72.2914, -11.3017], [-72.3002, -11.3022], [-72.3078, -11.3005], [-72.3063, -11.3036], [-72.3125, -11.3105], [-72.3128, -11.3131], [-72.3151, -11.3138], [-72.315, -11.3158], [-72.3178, -11.3193], [-72.3147, -11.3201], [-72.3153, -11.3216], [-72.3203, -11.3215], [-72.324, -11.3247], [-72.3235, -11.3169], [-72.3346, -11.3158], [-72.339, -11.3174], [-72.3373, -11.3189], [-72.3396, -11.3235], [-72.3438, -11.3248], [-72.3443, -11.3234], [-72.3499, -11.3228], [-72.3517, -11.327], [-72.3555, -11.33], [-72.3585, -11.3298], [-72.3588, -11.3322], [-72.3618, -11.3338], [-72.369, -11.3359], [-72.3696, -11.3335], [-72.3719, -11.334], [-72.3732, -11.3311], [-72.3739, -11.3359], [-72.3764, -11.3326], [-72.3794, -11.3323], [-72.3825, -11.3355], [-72.38, -11.3389], [-72.3821, -11.3379], [-72.3847, -11.3394], [-72.3866, -11.3473], [-72.3905, -11.3467], [-72.3885, -11.3437], [-72.3932, -11.3419], [-72.3964, -11.3432], [-72.3945, -11.3463], [-72.395, -11.3493], [-72.397, -11.3496], [-72.3993, -11.3475], [-72.3985, -11.3433], [-72.4002, -11.3434], [-72.4047, -11.3525], [-72.4027, -11.3555], [-72.4046, -11.3573], [-72.4073, -11.3567], [-72.4109, -11.3519], [-72.4132, -11.3517], [-72.4178, -11.3567], [-72.4217, -11.3547], [-72.4244, -11.3556], [-72.4263, -11.3588], [-72.4257, -11.3684], [-72.4363, -11.3659], [-72.435, -11.3714], [-72.4415, -11.3747], [-72.4474, -11.3727], [-72.4492, -11.3705], [-72.4489, -11.3738], [-72.4515, -11.377], [-72.4478, -11.3793], [-72.4477, -11.3839], [-72.4491, -11.3853], [-72.4542, -11.3854], [-72.4574, -11.3836], [-72.4602, -11.3896], [-72.4617, -11.3899], [-72.4615, -11.3876], [-72.4639, -11.3873], [-72.4652, -11.3904], [-72.4674, -11.3884], [-72.4665, -11.3863], [-72.4695, -11.3852], [-72.4712, -11.3909], [-72.4743, -11.3922], [-72.4804, -11.387], [-72.486, -11.3897], [-72.4851, -11.3926], [-72.4875, -11.3931], [-72.4823, -11.3976], [-72.4877, -11.3989], [-72.4881, -11.4025], [-72.4901, -11.3992], [-72.4919, -11.3996], [-72.4933, -11.4037], [-72.495, -11.4017], [-72.4936, -11.398], [-72.4965, -11.3988], [-72.4992, -11.3949], [-72.5038, -11.4001], [-72.4977, -11.4032], [-72.5016, -11.4092], [-72.5069, -11.4065], [-72.5067, -11.4088], [-72.51, -11.4114], [-72.5073, -11.4209], [-72.5124, -11.425], [-72.5136, -11.4181], [-72.5152, -11.417], [-72.5181, -11.4177], [-72.5193, -11.4218], [-72.516, -11.4311], [-72.5189, -11.4327], [-72.5247, -11.4315], [-72.5264, -11.4343], [-72.525, -11.439], [-72.5303, -11.4375], [-72.5328, -11.4395], [-72.5345, -11.4384], [-72.5352, -11.4352], [-72.5321, -11.4325], [-72.5313, -11.4287], [-72.5335, -11.4249], [-72.5371, -11.4274], [-72.5363, -11.4347], [-72.5461, -11.4328], [-72.5492, -11.4371], [-72.5483, -11.4416], [-72.5461, -11.4438], [-72.5474, -11.4484], [-72.5527, -11.4429], [-72.5519, -11.4344], [-72.5534, -11.4321], [-72.5565, -11.4323], [-72.5606, -11.4355], [-72.5666, -11.4316], [-72.5768, -11.4389], [-72.5824, -11.4392], [-72.5833, -11.4376], [-72.5789, -11.4334], [-72.5797, -11.4312], [-72.5816, -11.4308], [-72.5906, -11.4334], [-72.592, -11.4398], [-72.5963, -11.4408], [-72.5972, -11.4364], [-72.592, -11.4335], [-72.5916, -11.4317], [-72.5949, -11.4279], [-72.5963, -11.4205], [-72.6016, -11.4183], [-72.6052, -11.4224], [-72.6038, -11.4321], [-72.6084, -11.4402], [-72.6116, -11.4386], [-72.6082, -11.4295], [-72.6236, -11.4267], [-72.6254, -11.4249], [-72.6241, -11.4218], [-72.6182, -11.4195], [-72.6177, -11.4176], [-72.6239, -11.4129], [-72.6288, -11.4167], [-72.6326, -11.4158], [-72.6337, -11.4144], [-72.6319, -11.4084], [-72.6343, -11.4054], [-72.6407, -11.4066], [-72.6438, -11.4129], [-72.6457, -11.4131], [-72.6494, -11.4054], [-72.6535, -11.4031], [-72.6516, -11.3979], [-72.6543, -11.3959], [-72.6594, -11.3967], [-72.6641, -11.3952], [-72.6649, -11.3878], [-72.6664, -11.3862], [-72.6687, -11.3861], [-72.6714, -11.3888], [-72.6749, -11.3874], [-72.6796, -11.3886], [-72.6878, -11.3963], [-72.6928, -11.3958], [-72.6929, -11.3883], [-72.6998, -11.3804], [-72.7072, -11.3811], [-72.7103, -11.3792], [-72.711, -11.3718], [-72.7153, -11.3596], [-72.7091, -11.3559], [-72.7076, -11.353], [-72.7086, -11.3503], [-72.7127, -11.3478], [-72.719, -11.3499], [-72.7168, -11.3571], [-72.7182, -11.3624], [-72.7232, -11.3605], [-72.7225, -11.3539], [-72.7237, -11.351], [-72.727, -11.3498], [-72.7347, -11.3521], [-72.7387, -11.3478], [-72.749, -11.3581], [-72.758, -11.3629], [-72.7646, -11.372], [-72.7756, -11.3759], [-72.7843, -11.3756], [-72.7953, -11.3844], [-72.7972, -11.3835], [-72.7973, -11.3808], [-72.7906, -11.3719], [-72.7897, -11.3682], [-72.792, -11.3646], [-72.7981, -11.3646], [-72.8003, -11.3673], [-72.7968, -11.3715], [-72.7998, -11.3852], [-72.8016, -11.3861], [-72.8043, -11.3841], [-72.8061, -11.3764], [-72.8143, -11.38], [-72.8147, -11.3762], [-72.8176, -11.3753], [-72.8238, -11.3805], [-72.824, -11.3833], [-72.8203, -11.387], [-72.8224, -11.3897], [-72.8348, -11.3862], [-72.8395, -11.3876], [-72.8435, -11.3865], [-72.8444, -11.3844], [-72.8433, -11.3817], [-72.8413, -11.3802], [-72.8348, -11.3797], [-72.8344, -11.3746], [-72.8386, -11.3705], [-72.8454, -11.3731], [-72.8451, -11.363], [-72.8482, -11.3623], [-72.8534, -11.3652], [-72.8573, -11.3572], [-72.8599, -11.3551], [-72.8697, -11.3565], [-72.8736, -11.364], [-72.8766, -11.3648], [-72.8783, -11.3622], [-72.8765, -11.3552], [-72.8815, -11.3522], [-72.8823, -11.3569], [-72.8873, -11.3566], [-72.8907, -11.3522], [-72.8888, -11.3456], [-72.8909, -11.3429], [-72.8941, -11.3435], [-72.8957, -11.3456], [-72.8918, -11.3541], [-72.8954, -11.3582], [-72.9031, -11.3522], [-72.9107, -11.3514], [-72.9154, -11.3456], [-72.9213, -11.3433], [-72.9243, -11.3442], [-72.9263, -11.3475], [-72.925, -11.3502], [-72.9202, -11.3534], [-72.9207, -11.355], [-72.9327, -11.3504], [-72.9348, -11.3475], [-72.934, -11.3439], [-72.9242, -11.3379], [-72.9211, -11.3341], [-72.9212, -11.3308], [-72.9249, -11.3271], [-72.9312, -11.3309], [-72.9377, -11.3325], [-72.9403, -11.3387], [-72.9446, -11.3398], [-72.9493, -11.3385], [-72.9495, -11.3303], [-72.9599, -11.3346], [-72.9631, -11.3341], [-72.9654, -11.3311], [-72.9645, -11.3291], [-72.9578, -11.3274], [-72.9527, -11.3282], [-72.9513, -11.3245], [-72.9529, -11.3197], [-72.9605, -11.319], [-72.9603, -11.3145], [-72.9445, -11.3098], [-72.9423, -11.3129], [-72.9462, -11.3157], [-72.9423, -11.3223], [-72.9388, -11.3221], [-72.9368, -11.3197], [-72.9376, -11.3151], [-72.9328, -11.3107], [-72.933, -11.305], [-72.9352, -11.3039], [-72.9388, -11.3059], [-72.9557, -11.305], [-72.9517, -11.299], [-72.9529, -11.2932], [-72.943, -11.2949], [-72.9365, -11.292], [-72.936, -11.2903], [-72.9396, -11.2858], [-72.9398, -11.2816], [-72.9454, -11.2788], [-72.9454, -11.2756], [-72.9538, -11.2747], [-72.9569, -11.2724], [-72.9559, -11.2635], [-72.961, -11.2642], [-72.963, -11.2691], [-72.9685, -11.2651], [-72.9681, -11.2539], [-72.9745, -11.2504], [-72.9757, -11.225], [-72.9739, -11.2208], [-72.9662, -11.2175], [-72.9779, -11.2116], [-72.9813, -11.2114], [-72.9888, -11.2158], [-72.9951, -11.2267], [-73.0164, -11.2395], [-73.0175, -11.2452], [-73.0199, -11.2469], [-73.0224, -11.258], [-73.0259, -11.262], [-73.0407, -11.2717], [-73.0497, -11.2739], [-73.0633, -11.2809], [-73.0694, -11.2801], [-73.0827, -11.2723], [-73.0893, -11.2718], [-73.0972, -11.2739], [-73.1181, -11.287], [-73.136, -11.2905], [-73.1486, -11.2906], [-73.1609, -11.2884], [-73.1655, -11.29], [-73.1695, -11.2838], [-73.177, -11.2858], [-73.1833, -11.2825], [-73.1934, -11.2907], [-73.2029, -11.2866], [-73.2132, -11.2953], [-73.2365, -11.2966], [-73.2441, -11.3059], [-73.2492, -11.3073], [-73.2594, -11.3075], [-73.2668, -11.3055], [-73.2857, -11.3088], [-73.2952, -11.3044], [-73.3056, -11.3074], [-73.3133, -11.3023], [-73.3161, -11.3052], [-73.3309, -11.3085], [-73.3469, -11.323], [-73.3509, -11.3299], [-73.3615, -11.3407], [-73.3704, -11.3423], [-73.3744, -11.3446], [-73.3815, -11.3635], [-73.3895, -11.3738], [-73.4023, -11.3766], [-73.4059, -11.3815], [-73.4127, -11.3831], [-73.4218, -11.3766], [-73.4275, -11.3759], [-73.4369, -11.3697], [-73.4411, -11.3704], [-73.4445, -11.3736], [-73.4459, -11.373], [-73.4522, -11.3584], [-73.4622, -11.3514], [-73.4656, -11.3406], [-73.4693, -11.3407], [-73.4784, -11.3505], [-73.4811, -11.3488], [-73.4833, -11.3418], [-73.4831, -11.337], [-73.4788, -11.3289], [-73.4775, -11.3215], [-73.4822, -11.3143], [-73.4713, -11.3047], [-73.4622, -11.3037], [-73.4558, -11.2998], [-73.4574, -11.2943], [-73.4615, -11.291], [-73.46, -11.2852], [-73.4612, -11.2798], [-73.4587, -11.2714], [-73.4529, -11.261], [-73.4528, -11.2445], [-73.4474, -11.233], [-73.4486, -11.2247], [-73.4464, -11.2188], [-73.4474, -11.2174], [-73.4514, -11.219], [-73.4548, -11.2149], [-73.4547, -11.2096], [-73.4579, -11.2041], [-73.4558, -11.1934], [-73.4616, -11.1817], [-73.4597, -11.176], [-73.4636, -11.1631], [-73.4591, -11.1536], [-73.4586, -11.1443], [-73.4694, -11.1339], [-73.4742, -11.124], [-73.4722, -11.1203], [-73.4652, -11.1163], [-73.4645, -11.1081], [-73.4724, -11.0955], [-73.4689, -11.0896], [-73.4697, -11.0811], [-73.4747, -11.0747], [-73.4807, -11.0619], [-73.4668, -11.036], [-73.4682, -11.0317], [-73.4762, -11.0254], [-73.4769, -11.0221], [-73.4727, -11.0177], [-73.468, -11.0162], [-73.448, -11.0181], [-73.4429, -11.0275], [-73.4326, -11.0281], [-73.4229, -11.0321], [-73.4136, -11.0288], [-73.408, -11.0213], [-73.4023, -11.021], [-73.3949, -11.0252], [-73.383, -11.04], [-73.3762, -11.0438], [-73.3608, -11.0419], [-73.3458, -11.0272], [-73.3337, -11.0197], [-73.3282, -11.0103], [-73.3196, -11.0], [-73.3156, -10.9812], [-73.3196, -10.9708], [-73.3156, -10.9634], [-73.3167, -10.9538], [-73.3094, -10.9424], [-73.311, -10.9277], [-73.3056, -10.9121], [-73.3075, -10.8987], [-73.3062, -10.8888], [-73.3083, -10.8715], [-73.3134, -10.8586], [-73.3223, -10.8449], [-73.3237, -10.8353], [-73.3183, -10.8287], [-73.3144, -10.8196], [-73.2998, -10.8138], [-73.2856, -10.792], [-73.2722, -10.781], [-73.2689, -10.775], [-73.2618, -10.7696], [-73.2505, -10.7699], [-73.2247, -10.7781], [-73.2069, -10.7782], [-73.1958, -10.783], [-73.1764, -10.7832], [-73.1709, -10.7877], [-73.1643, -10.7888], [-73.1589, -10.7933], [-73.1531, -10.7955], [-73.1337, -10.7927], [-73.1248, -10.8007], [-73.1211, -10.8073], [-73.1156, -10.8101], [-73.1072, -10.8098], [-73.0928, -10.8053], [-73.0884, -10.7979], [-73.0755, -10.799], [-73.0684, -10.7961], [-73.0638, -10.7976], [-73.0593, -10.7966], [-73.0514, -10.7994], [-73.0396, -10.7979], [-73.0361, -10.8002], [-73.0311, -10.809], [-73.0223, -10.8115], [-73.0191, -10.8161], [-73.0114, -10.8221], [-73.0079, -10.8285], [-73.0003, -10.8313], [-72.9884, -10.8202], [-72.9838, -10.8178], [-72.9744, -10.8029], [-72.9619, -10.7953], [-72.9566, -10.7942], [-72.9523, -10.7903], [-72.9515, -10.7826], [-72.9461, -10.7735], [-72.9479, -10.7662], [-72.9443, -10.7626], [-72.9364, -10.7631], [-72.9281, -10.7703], [-72.9186, -10.7744], [-72.9045, -10.7757], [-72.8978, -10.7779], [-72.87, -10.7698], [-72.8608, -10.7776], [-72.8463, -10.7831], [-72.8406, -10.79], [-72.8251, -10.7893], [-72.8177, -10.7868], [-72.8165, -10.781], [-72.8114, -10.7782], [-72.8117, -10.7734], [-72.8098, -10.7715], [-72.804, -10.7711], [-72.7967, -10.7679], [-72.7905, -10.7693], [-72.7826, -10.7663], [-72.7805, -10.7625], [-72.7805, -10.7525], [-72.7762, -10.7439], [-72.7594, -10.7329], [-72.7534, -10.7219], [-72.7448, -10.7204], [-72.7415, -10.7169], [-72.7372, -10.7158], [-72.7228, -10.7198], [-72.7145, -10.7192], [-72.7118, -10.7142], [-72.7028, -10.7091], [-72.7004, -10.7029], [-72.6884, -10.7046], [-72.6771, -10.7111], [-72.6669, -10.7095], [-72.6611, -10.7133], [-72.6582, -10.7204], [-72.6522, -10.7251], [-72.6498, -10.7299], [-72.6441, -10.7359], [-72.6289, -10.7369], [-72.6162, -10.7513], [-72.6093, -10.7565], [-72.6029, -10.7573], [-72.593, -10.7543], [-72.5873, -10.7563], [-72.5831, -10.7557], [-72.5773, -10.7585], [-72.5714, -10.7584], [-72.5669, -10.7643], [-72.5553, -10.7617], [-72.5506, -10.7692], [-72.5463, -10.7716], [-72.5297, -10.7723], [-72.5269, -10.7767], [-72.5246, -10.7876], [-72.5217, -10.7907], [-72.504, -10.7896], [-72.4977, -10.7864], [-72.489, -10.7922], [-72.4844, -10.7923], [-72.4825, -10.7955], [-72.4705, -10.8043], [-72.4572, -10.8214], [-72.4461, -10.8334], [-72.4359, -10.8415], [-72.4329, -10.8464], [-72.4284, -10.8606], [-72.4328, -10.8697], [-72.431, -10.8755], [-72.4303, -10.8888], [-72.4234, -10.8955], [-72.4215, -10.9055], [-72.4113, -10.908], [-72.4023, -10.9151], [-72.4026, -10.917], [-72.4076, -10.9198], [-72.4023, -10.9252], [-72.3972, -10.9408], [-72.39, -10.9416], [-72.3753, -10.9549], [-72.3678, -10.9581], [-72.359, -10.9665], [-72.3478, -10.9693], [-72.3379, -10.9635], [-72.3271, -10.9608], [-72.3205, -10.9645], [-72.3159, -10.9645], [-72.3061, -10.9778], [-72.2994, -10.9759], [-72.2964, -10.978], [-72.2916, -10.9764], [-72.2797, -10.9775], [-72.2633, -10.9721], [-72.2477, -10.9767], [-72.2367, -10.9756], [-72.2339, -10.9782], [-72.2278, -10.9962], [-72.2196, -11.0035], [-72.2186, -11.0107], [-72.2164, -11.0129], [-72.2083, -11.0147], [-72.206, -11.0224], [-72.2038, -11.0213], [-72.2019, -11.0154], [-72.1941, -11.0087], [-72.1888, -11.0091], [-72.179, -11.0178], [-72.1736, -11.0295], [-72.177, -11.0464], [-72.1832, -11.0536], [-72.1827, -11.0623], [-72.1702, -11.0751], [-72.1676, -11.0858], [-72.1641, -11.0899], [-72.1597, -11.0902], [-72.147, -11.0869], [-72.1428, -11.0922], [-72.1344, -11.0952], [-72.1297, -11.1001], [-72.1225, -11.1013], [-72.1183, -11.1169], [-72.1224, -11.1245], [-72.1331, -11.1347], [-72.1454, -11.1498], [-72.1536, -11.1549], [-72.1616, -11.1569], [-72.1687, -11.1626], [-72.1782, -11.1636], [-72.182, -11.1665], [-72.1829, -11.1752], [-72.1857, -11.1826], [-72.1833, -11.1903], [-72.186, -11.1919], [-72.1965, -11.1928], [-72.2008, -11.2054], [-72.1973, -11.2287], [-72.1978, -11.2366], [-72.1958, -11.2415], [-72.1982, -11.2507], [-72.2021, -11.2583], [-72.2, -11.2638], [-72.206, -11.277], [-72.2104, -11.2827], [-72.2117, -11.2887], [-72.2196, -11.2992], [-72.224, -11.3008], [-72.2293, -11.2975], [-72.2352, -11.2998], [-72.238, -11.3087], [-72.2434, -11.319], [-72.2429, -11.3245]]]]}}, {"type": "Feature", "properties": {"NAME_1": "Ucayali", "NAME_2": "Atalaya", "NAME_3": "Tahuania", "GID_3": "PER.26.1.3_1"}, "geometry": {"type": "MultiPolygon", "coordinates": [[[[-74.2473, -10.2141], [-74.2778, -10.1786], [-74.3033, -10.1584], [-74.3144, -10.1384], [-74.3349, -10.1192], [-74.3402, -10.1029], [-74.3483, -10.0901], [-74.3681, -10.0776], [-74.3844, -10.0651], [-74.3919, -10.0496], [-74.3933, -10.0403], [-74.3858, -10.0223], [-74.3939, -10.0134], [-74.3962, -10.0066], [-74.3985, -9.9454], [-74.4069, -9.9113], [-74.4136, -9.8983], [-74.4082, -9.8964], [-74.3846, -9.9103], [-74.3818, -9.9104], [-74.3791, -9.9078], [-74.379, -9.904], [-74.3815, -9.8982], [-74.3809, -9.8942], [-74.377, -9.8917], [-74.3701, -9.8924], [-74.3642, -9.8853], [-74.3644, -9.8833], [-74.3712, -9.8758], [-74.3744, -9.8662], [-74.3725, -9.8542], [-74.3657, -9.8393], [-74.3572, -9.8332], [-74.327, -9.8192], [-74.3127, -9.801], [-74.2928, -9.7897], [-74.2865, -9.7814], [-74.2768, -9.7508], [-74.2699, -9.7427], [-74.2492, -9.7302], [-74.2293, -9.723], [-74.2074, -9.712], [-74.1768, -9.7045], [-74.145, -9.6993], [-74.1157, -9.6973], [-74.097, -9.699], [-74.0751, -9.7034], [-74.0229, -9.7211], [-74.0125, -9.7186], [-74.0, -9.7113], [-73.9656, -9.6974], [-73.9147, -9.6832], [-73.8931, -9.6798], [-73.8746, -9.6802], [-73.8521, -9.684], [-73.8143, -9.6967], [-73.7999, -9.6971], [-73.77, -9.6941], [-73.7637, -9.6919], [-73.7584, -9.6868], [-73.7507, -9.6679], [-73.7441, -9.6565], [-73.7157, -9.6261], [-73.693, -9.6156], [-73.6868, -9.6076], [-73.6822, -9.6047], [-73.6692, -9.605], [-73.6443, -9.5975], [-73.6336, -9.5991], [-73.6246, -9.6041], [-73.5906, -9.644], [-73.5539, -9.6775], [-73.5318, -9.7114], [-73.526, -9.7159], [-73.5173, -9.7174], [-73.5129, -9.7218], [-73.5039, -9.7364], [-73.4967, -9.7436], [-73.4702, -9.7602], [-73.4617, -9.7694], [-73.4473, -9.7926], [-73.442, -9.7986], [-73.4078, -9.8203], [-73.4021, -9.8286], [-73.3915, -9.8549], [-73.3848, -9.8645], [-73.3792, -9.8688], [-73.3657, -9.8741], [-73.3329, -9.8819], [-73.3112, -9.8905], [-73.2887, -9.9038], [-73.2629, -9.9254], [-73.253, -9.9361], [-73.2473, -9.9447], [-73.233, -9.9727], [-73.2198, -10.0085], [-73.2121, -10.0197], [-73.2045, -10.0269], [-73.1921, -10.0323], [-73.1853, -10.041], [-73.1677, -10.0509], [-73.1596, -10.0579], [-73.1502, -10.0618], [-73.1404, -10.072], [-73.129, -10.0758], [-73.1235, -10.0822], [-73.117, -10.0857], [-73.1093, -10.093], [-73.1044, -10.111], [-73.1042, -10.1153], [-73.1108, -10.1182], [-73.1314, -10.1342], [-73.1608, -10.1509], [-73.1816, -10.1596], [-73.2076, -10.1666], [-73.2319, -10.1666], [-73.2458, -10.1645], [-73.2527, -10.1591], [-73.257, -10.1525], [-73.2787, -10.137], [-73.285, -10.1251], [-73.2916, -10.1174], [-73.2996, -10.1133], [-73.3059, -10.1152], [-73.3147, -10.1147], [-73.3362, -10.1238], [-73.3566, -10.138], [-73.3692, -10.15], [-73.3742, -10.1502], [-73.3848, -10.147], [-73.4095, -10.1616], [-73.4341, -10.164], [-73.4504, -10.1683], [-73.4773, -10.1816], [-73.4984, -10.197], [-73.5033, -10.1991], [-73.5121, -10.2069], [-73.529, -10.2141], [-73.5431, -10.2249], [-73.5568, -10.2409], [-73.5618, -10.2441], [-73.5668, -10.2564], [-73.575, -10.2702], [-73.5863, -10.2782], [-73.592, -10.2858], [-73.6144, -10.2907], [-73.6239, -10.301], [-73.6619, -10.2962], [-73.6688, -10.2973], [-73.6839, -10.303], [-73.6915, -10.3082], [-73.6968, -10.309], [-73.7137, -10.2993], [-73.7241, -10.2953], [-73.7426, -10.2958], [-73.7553, -10.2994], [-73.7911, -10.2979], [-73.8579, -10.288], [-73.863, -10.2859], [-73.8775, -10.2852], [-73.8972, -10.281], [-73.9346, -10.2898], [-73.9572, -10.2888], [-73.9695, -10.2853], [-73.9991, -10.3008], [-74.0087, -10.3004], [-74.0239, -10.2956], [-74.0307, -10.2959], [-74.0378, -10.3028], [-74.0397, -10.3108], [-74.0387, -10.3144], [-74.0307, -10.3244], [-74.0281, -10.3342], [-74.0278, -10.3429], [-74.0374, -10.3721], [-74.0431, -10.376], [-74.0841, -10.3484], [-74.0976, -10.3359], [-74.1088, -10.3204], [-74.1169, -10.314], [-74.129, -10.3131], [-74.157, -10.3158], [-74.1648, -10.3129], [-74.1901, -10.3122], [-74.1975, -10.3086], [-74.2019, -10.3083], [-74.2125, -10.2945], [-74.2177, -10.2838], [-74.2224, -10.257], [-74.2221, -10.239], [-74.2247, -10.2269], [-74.2308, -10.2128], [-74.2348, -10.2065], [-74.2403, -10.2034], [-74.2423, -10.2045], [-74.2473, -10.2141]]]]}}, {"type": "Feature", "properties": {"NAME_1": "Ucayali", "NAME_2": "Atalaya", "NAME_3": "Yurua", "GID_3": "PER.26.1.4_1"}, "geometry": {"type": "MultiPolygon", "coordinates": [[[[-72.1523, -9.7963], [-72.1514, -9.7986], [-72.1539, -9.8021], [-72.1508, -9.8078], [-72.1547, -9.8106], [-72.1548, -9.8167], [-72.161, -9.818], [-72.1606, -9.826], [-72.1631, -9.8299], [-72.1566, -9.8325], [-72.1544, -9.8351], [-72.1525, -9.8421], [-72.1564, -9.8472], [-72.1474, -9.8733], [-72.1429, -9.8762], [-72.1372, -9.8729], [-72.1361, -9.876], [-72.1401, -9.8851], [-72.1484, -9.8896], [-72.151, -9.9058], [-72.1574, -9.911], [-72.1657, -9.9094], [-72.1637, -9.9145], [-72.1692, -9.9189], [-72.1703, -9.9256], [-72.1746, -9.9321], [-72.1687, -9.9361], [-72.1665, -9.9409], [-72.1555, -9.9426], [-72.1617, -9.9506], [-72.162, -9.9542], [-72.1596, -9.9567], [-72.1501, -9.9603], [-72.1495, -9.9667], [-72.1525, -9.9717], [-72.1569, -9.9711], [-72.1567, -9.9761], [-72.159, -9.9797], [-72.1741, -9.9833], [-72.1781, -9.987], [-72.1779, -9.996], [-72.1804, -10.0006], [-72.1773, -10.0052], [-72.1775, -10.0084], [-72.1803, -10.0121], [-72.181, -10.0163], [-72.1859, -10.0192], [-72.1833, -10.0244], [-72.184, -10.027], [-72.1921, -10.0356], [-72.1903, -10.039], [-72.1836, -10.0407], [-72.1824, -10.0451], [-72.1778, -10.0498], [-72.1804, -10.0543], [-72.1794, -10.0563], [-72.1712, -10.057], [-72.166, -10.0605], [-72.1602, -10.0619], [-72.1581, -10.0664], [-72.1477, -10.0756], [-72.1468, -10.0809], [-72.1417, -10.089], [-72.1415, -10.0908], [-72.147, -10.0946], [-72.1506, -10.095], [-72.1563, -10.1016], [-72.1476, -10.1111], [-72.1423, -10.1196], [-72.1429, -10.1252], [-72.1468, -10.1291], [-72.1422, -10.1315], [-72.141, -10.1364], [-72.1446, -10.144], [-72.1522, -10.1525], [-72.1543, -10.1618], [-72.1591, -10.1682], [-72.1618, -10.1694], [-72.1677, -10.162], [-72.1743, -10.1671], [-72.1776, -10.1636], [-72.1868, -10.1661], [-72.1947, -10.1657], [-72.2039, -10.1613], [-72.2098, -10.1634], [-72.2139, -10.158], [-72.2205, -10.1632], [-72.2239, -10.1634], [-72.228, -10.161], [-72.2356, -10.1655], [-72.2366, -10.1812], [-72.2437, -10.1885], [-72.252, -10.186], [-72.259, -10.1893], [-72.2697, -10.1864], [-72.2848, -10.188], [-72.2926, -10.1817], [-72.2955, -10.1819], [-72.3023, -10.186], [-72.3068, -10.1846], [-72.3127, -10.1797], [-72.3245, -10.1828], [-72.33, -10.1781], [-72.3329, -10.1776], [-72.3357, -10.1787], [-72.3451, -10.1918], [-72.3506, -10.1931], [-72.3579, -10.2001], [-72.3651, -10.2003], [-72.3662, -10.2023], [-72.3652, -10.2051], [-72.3682, -10.2094], [-72.3799, -10.2103], [-72.3888, -10.2152], [-72.4058, -10.2211], [-72.4083, -10.2232], [-72.4086, -10.2285], [-72.4165, -10.2283], [-72.428, -10.242], [-72.4326, -10.2455], [-72.4362, -10.253], [-72.446, -10.255], [-72.4461, -10.26], [-72.4573, -10.2707], [-72.4585, -10.274], [-72.4577, -10.2806], [-72.4643, -10.2906], [-72.4719, -10.2969], [-72.4749, -10.3024], [-72.4832, -10.3043], [-72.4875, -10.31], [-72.4888, -10.3159], [-72.4872, -10.3187], [-72.4837, -10.3194], [-72.4819, -10.3217], [-72.4797, -10.3316], [-72.4712, -10.3373], [-72.4667, -10.3433], [-72.4664, -10.352], [-72.4713, -10.3556], [-72.4776, -10.3656], [-72.4868, -10.3646], [-72.492, -10.3572], [-72.4981, -10.3544], [-72.5032, -10.346], [-72.5067, -10.3437], [-72.5234, -10.3505], [-72.5263, -10.3499], [-72.5303, -10.3459], [-72.533, -10.3401], [-72.5389, -10.3337], [-72.5372, -10.3312], [-72.5378, -10.3254], [-72.5429, -10.3233], [-72.54, -10.319], [-72.5405, -10.3165], [-72.5496, -10.3065], [-72.5471, -10.2945], [-72.5492, -10.2906], [-72.5526, -10.2899], [-72.5551, -10.2844], [-72.555, -10.2756], [-72.5614, -10.2699], [-72.5655, -10.2623], [-72.5654, -10.2587], [-72.5682, -10.2565], [-72.5758, -10.258], [-72.5849, -10.2701], [-72.5899, -10.2704], [-72.5977, -10.2639], [-72.6104, -10.2602], [-72.6115, -10.2531], [-72.6151, -10.2486], [-72.6197, -10.2462], [-72.6174, -10.2425], [-72.6219, -10.2399], [-72.621, -10.2346], [-72.6221, -10.2307], [-72.6308, -10.2232], [-72.6356, -10.2214], [-72.6559, -10.2208], [-72.659, -10.225], [-72.6621, -10.2259], [-72.6656, -10.2251], [-72.6702, -10.2209], [-72.6783, -10.224], [-72.6832, -10.2227], [-72.6859, -10.2186], [-72.6935, -10.2168], [-72.6918, -10.213], [-72.6932, -10.2114], [-72.7085, -10.2102], [-72.7154, -10.2078], [-72.7182, -10.2034], [-72.7182, -10.1958], [-72.7231, -10.1919], [-72.7381, -10.1939], [-72.7433, -10.1909], [-72.7564, -10.1913], [-72.7608, -10.187], [-72.768, -10.1846], [-72.7781, -10.1877], [-72.7848, -10.1931], [-72.7991, -10.1988], [-72.8031, -10.195], [-72.8048, -10.1895], [-72.8088, -10.1874], [-72.8105, -10.1845], [-72.8165, -10.1842], [-72.8193, -10.1773], [-72.8283, -10.1808], [-72.8319, -10.175], [-72.8411, -10.1713], [-72.8516, -10.1759], [-72.8579, -10.1743], [-72.8756, -10.1768], [-72.8857, -10.1676], [-72.8909, -10.1664], [-72.9276, -10.1797], [-72.9379, -10.1794], [-72.957, -10.1854], [-72.9728, -10.1847], [-72.9941, -10.1917], [-73.0081, -10.192], [-73.0154, -10.196], [-73.0184, -10.2014], [-73.0219, -10.2016], [-73.0246, -10.1995], [-73.0266, -10.1947], [-73.0329, -10.1907], [-73.0316, -10.1846], [-73.0326, -10.1797], [-73.053, -10.163], [-73.0508, -10.156], [-73.052, -10.1481], [-73.0591, -10.1364], [-73.063, -10.1338], [-73.0694, -10.1335], [-73.0732, -10.1293], [-73.0776, -10.1277], [-73.0849, -10.1216], [-73.0937, -10.1209], [-73.0972, -10.1168], [-73.1043, -10.1148], [-73.1093, -10.093], [-73.0965, -10.0811], [-73.0916, -10.0746], [-73.0945, -10.0615], [-73.0907, -10.0476], [-73.0959, -10.0323], [-73.0951, -10.0285], [-73.088, -10.0215], [-73.0764, -10.0174], [-73.0575, -10.0064], [-73.0547, -10.0028], [-73.0548, -9.9986], [-73.0672, -9.9728], [-73.0774, -9.9416], [-73.0985, -9.9227], [-73.1065, -9.9061], [-73.12, -9.8937], [-73.1359, -9.875], [-73.1623, -9.8169], [-73.1768, -9.7715], [-73.1906, -9.7368], [-73.1969, -9.7131], [-73.2038, -9.6754], [-73.2089, -9.6312], [-73.2086, -9.6097], [-73.2106, -9.5914], [-73.2098, -9.5187], [-73.2121, -9.4583], [-73.2094, -9.4136], [-72.716, -9.4124], [-72.7154, -9.4166], [-72.717, -9.4163], [-72.7189, -9.4194], [-72.7171, -9.4203], [-72.7167, -9.4233], [-72.7122, -9.426], [-72.7119, -9.4299], [-72.7077, -9.4305], [-72.7042, -9.4338], [-72.701, -9.4287], [-72.6996, -9.4287], [-72.6979, -9.4324], [-72.7006, -9.4359], [-72.6952, -9.4333], [-72.6952, -9.4392], [-72.6925, -9.4389], [-72.6928, -9.4355], [-72.6914, -9.4347], [-72.6856, -9.438], [-72.6865, -9.4339], [-72.683, -9.4331], [-72.679, -9.4362], [-72.68, -9.4389], [-72.6763, -9.4399], [-72.6735, -9.4375], [-72.6686, -9.4376], [-72.669, -9.4429], [-72.6663, -9.4415], [-72.6663, -9.4433], [-72.6639, -9.4435], [-72.6616, -9.4481], [-72.657, -9.4468], [-72.6575, -9.4507], [-72.6563, -9.4518], [-72.6534, -9.4507], [-72.6519, -9.446], [-72.645, -9.4481], [-72.6458, -9.4443], [-72.6423, -9.4446], [-72.6443, -9.4421], [-72.6336, -9.445], [-72.6282, -9.4423], [-72.6284, -9.4462], [-72.6267, -9.4468], [-72.6246, -9.4444], [-72.6227, -9.4463], [-72.6236, -9.449], [-72.6213, -9.4491], [-72.6205, -9.4532], [-72.6191, -9.45], [-72.6169, -9.4522], [-72.6117, -9.4486], [-72.6107, -9.4521], [-72.6043, -9.4515], [-72.6042, -9.4534], [-72.5994, -9.4565], [-72.5933, -9.4547], [-72.5837, -9.4597], [-72.5808, -9.4594], [-72.5787, -9.4561], [-72.5766, -9.4556], [-72.5787, -9.4609], [-72.5773, -9.464], [-72.5726, -9.4637], [-72.5683, -9.4597], [-72.5676, -9.4656], [-72.5617, -9.4633], [-72.5631, -9.4707], [-72.5619, -9.473], [-72.5603, -9.4724], [-72.5596, -9.4671], [-72.5571, -9.4657], [-72.5556, -9.4661], [-72.5548, -9.4705], [-72.5529, -9.4661], [-72.5508, -9.4691], [-72.5474, -9.4689], [-72.5467, -9.4661], [-72.5425, -9.4668], [-72.5433, -9.4697], [-72.5417, -9.4727], [-72.54, -9.4725], [-72.539, -9.4691], [-72.5373, -9.4713], [-72.538, -9.4746], [-72.5356, -9.4729], [-72.5328, -9.4734], [-72.5337, -9.4753], [-72.5314, -9.4794], [-72.5289, -9.478], [-72.527, -9.4794], [-72.5303, -9.4823], [-72.5243, -9.4859], [-72.523, -9.4896], [-72.5203, -9.4912], [-72.5176, -9.4905], [-72.5163, -9.4843], [-72.51, -9.4841], [-72.5068, -9.4863], [-72.5026, -9.4808], [-72.5001, -9.4809], [-72.4965, -9.4839], [-72.4929, -9.48], [-72.4885, -9.4794], [-72.4808, -9.4864], [-72.4784, -9.4837], [-72.4763, -9.4847], [-72.4754, -9.4826], [-72.4737, -9.4852], [-72.4702, -9.4848], [-72.4673, -9.4864], [-72.4656, -9.4849], [-72.4636, -9.4867], [-72.4612, -9.485], [-72.4597, -9.4862], [-72.4606, -9.4882], [-72.4587, -9.4876], [-72.4546, -9.4895], [-72.4544, -9.4873], [-72.4516, -9.4862], [-72.4529, -9.4838], [-72.447, -9.4812], [-72.4439, -9.4829], [-72.4412, -9.4766], [-72.44, -9.4813], [-72.4364, -9.484], [-72.4345, -9.4804], [-72.4327, -9.4831], [-72.4313, -9.481], [-72.4291, -9.4812], [-72.4271, -9.4822], [-72.4268, -9.4858], [-72.4232, -9.4806], [-72.4204, -9.4803], [-72.4192, -9.4825], [-72.4169, -9.483], [-72.4127, -9.4823], [-72.4082, -9.4769], [-72.406, -9.4813], [-72.4027, -9.4796], [-72.4038, -9.483], [-72.3995, -9.4826], [-72.3968, -9.488], [-72.3917, -9.4866], [-72.3877, -9.4921], [-72.3818, -9.4912], [-72.381, -9.4938], [-72.3783, -9.4951], [-72.3728, -9.4937], [-72.3696, -9.4895], [-72.3681, -9.4895], [-72.3629, -9.4969], [-72.3575, -9.4944], [-72.3495, -9.5036], [-72.3456, -9.5022], [-72.3465, -9.5039], [-72.341, -9.5069], [-72.3416, -9.5116], [-72.3397, -9.5131], [-72.3407, -9.5154], [-72.3389, -9.5144], [-72.3389, -9.5164], [-72.3429, -9.5191], [-72.3429, -9.5207], [-72.3402, -9.5199], [-72.3391, -9.5224], [-72.3351, -9.5215], [-72.3345, -9.5283], [-72.3322, -9.5285], [-72.3293, -9.5347], [-72.3264, -9.5351], [-72.3246, -9.5396], [-72.3185, -9.544], [-72.3125, -9.5453], [-72.3115, -9.5412], [-72.3071, -9.5408], [-72.3056, -9.5386], [-72.3019, -9.5376], [-72.3014, -9.5332], [-72.2951, -9.5332], [-72.291, -9.535], [-72.2879, -9.5381], [-72.2883, -9.54], [-72.2841, -9.5399], [-72.2819, -9.5422], [-72.2823, -9.5536], [-72.2846, -9.5559], [-72.2829, -9.5605], [-72.2859, -9.5693], [-72.2837, -9.5714], [-72.2859, -9.5729], [-72.2836, -9.5782], [-72.286, -9.5795], [-72.2852, -9.5821], [-72.2869, -9.5882], [-72.284, -9.5922], [-72.2857, -9.5923], [-72.2845, -9.5962], [-72.2868, -9.5972], [-72.2888, -9.6029], [-72.2838, -9.6089], [-72.2815, -9.6092], [-72.2816, -9.6105], [-72.2692, -9.6206], [-72.265, -9.6198], [-72.2644, -9.6168], [-72.2599, -9.6145], [-72.2535, -9.6155], [-72.253, -9.6236], [-72.2552, -9.6253], [-72.2562, -9.6304], [-72.258, -9.6318], [-72.2571, -9.6373], [-72.2596, -9.6384], [-72.261, -9.6417], [-72.2544, -9.6545], [-72.2531, -9.6541], [-72.2516, -9.657], [-72.2484, -9.6561], [-72.246, -9.6593], [-72.2492, -9.6693], [-72.2495, -9.6767], [-72.2531, -9.6818], [-72.2506, -9.6885], [-72.2526, -9.6978], [-72.2519, -9.7019], [-72.2574, -9.707], [-72.2589, -9.7127], [-72.2572, -9.7271], [-72.2545, -9.7342], [-72.263, -9.7447], [-72.2629, -9.7506], [-72.2603, -9.7522], [-72.2453, -9.751], [-72.2407, -9.7612], [-72.2354, -9.7643], [-72.2308, -9.7623], [-72.2187, -9.7711], [-72.2183, -9.7752], [-72.2156, -9.7779], [-72.1934, -9.7768], [-72.187, -9.7785], [-72.177, -9.7838], [-72.1694, -9.784], [-72.1635, -9.7931], [-72.1523, -9.7963]]]]}}, {"type": "Feature", "properties": {"NAME_1": "Ucayali", "NAME_2": "CoronelPortillo", "NAME_3": "Callaria", "GID_3": "PER.26.2.1_1"}, "geometry": {"type": "MultiPolygon", "coordinates": [[[[-73.6235, -8.0579], [-73.6183, -8.071], [-73.5962, -8.1014], [-73.5909, -8.1126], [-73.5813, -8.1652], [-73.5832, -8.1992], [-73.5777, -8.2208], [-73.5689, -8.2329], [-73.5374, -8.2605], [-73.535, -8.2657], [-73.5296, -8.3299], [-73.5645, -8.343], [-73.5786, -8.3508], [-73.5936, -8.3626], [-73.6053, -8.3763], [-73.6247, -8.3946], [-73.6382, -8.4049], [-73.6496, -8.4094], [-73.677, -8.4155], [-73.7274, -8.4428], [-73.7568, -8.4536], [-73.7988, -8.4823], [-73.8177, -8.4857], [-73.898, -8.4702], [-73.9042, -8.4704], [-73.9115, -8.4733], [-73.9252, -8.4848], [-73.9669, -8.5319], [-73.9741, -8.5459], [-73.9906, -8.5949], [-73.9958, -8.6016], [-74.0011, -8.6056], [-74.0238, -8.5943], [-74.0514, -8.5949], [-74.0868, -8.5852], [-74.1163, -8.5728], [-74.1312, -8.5647], [-74.154, -8.5444], [-74.2065, -8.4777], [-74.2228, -8.4662], [-74.245, -8.4592], [-74.253, -8.451], [-74.2568, -8.4499], [-74.2669, -8.4524], [-74.285, -8.463], [-74.311, -8.4875], [-74.3232, -8.5065], [-74.3224, -8.5215], [-74.3245, -8.5306], [-74.3385, -8.5361], [-74.3596, -8.553], [-74.3832, -8.5633], [-74.3975, -8.5739], [-74.415, -8.5959], [-74.421, -8.616], [-74.43, -8.629], [-74.4481, -8.6433], [-74.4764, -8.6558], [-74.4979, -8.6693], [-74.5042, -8.6765], [-74.5136, -8.6924], [-74.5213, -8.6738], [-74.5309, -8.6592], [-74.5443, -8.6464], [-74.558, -8.6381], [-74.5842, -8.628], [-74.6101, -8.621], [-74.638, -8.6201], [-74.6782, -8.6247], [-74.676, -8.42], [-74.6558, -8.4112], [-74.582, -8.3929], [-74.5726, -8.3694], [-74.5684, -8.3631], [-74.5707, -8.359], [-74.5414, -8.2919], [-74.5571, -8.2645], [-74.5721, -8.2504], [-74.5777, -8.241], [-74.5886, -8.239], [-74.6011, -8.2427], [-74.6062, -8.2416], [-74.6099, -8.2382], [-74.6156, -8.2262], [-74.6204, -8.2204], [-74.6452, -8.2054], [-74.6546, -8.2046], [-74.6612, -8.2022], [-74.6684, -8.1952], [-74.669, -8.185], [-74.6612, -8.1691], [-74.6613, -8.1608], [-74.6573, -8.1453], [-74.6562, -8.13], [-74.6581, -8.1243], [-74.6647, -8.118], [-74.6647, -8.1138], [-74.6619, -8.1095], [-74.6488, -8.1036], [-74.6396, -8.0878], [-74.6378, -8.0812], [-74.6374, -8.0687], [-74.6398, -8.0569], [-74.6434, -8.0541], [-74.6677, -8.0489], [-74.6776, -8.0446], [-74.6873, -8.0379], [-74.6929, -8.0299], [-74.6966, -8.0206], [-74.6965, -8.0003], [-74.6985, -7.9968], [-74.7038, -7.9982], [-74.7081, -8.009], [-74.7137, -8.0126], [-74.7329, -8.01], [-74.746, -8.0134], [-74.7545, -8.0174], [-74.7624, -8.018], [-74.7706, -8.0153], [-74.7763, -8.0096], [-74.7429, -7.9932], [-74.7013, -7.9792], [-74.6832, -7.9689], [-74.6545, -7.9457], [-74.6343, -7.9196], [-74.5929, -7.8591], [-74.5752, -7.8311], [-74.5687, -7.8157], [-74.5607, -7.8089], [-74.5546, -7.7997], [-74.551, -7.7978], [-74.5477, -7.791], [-74.525, -7.7866], [-74.5216, -7.7821], [-74.5246, -7.7759], [-74.5184, -7.7653], [-74.5188, -7.7613], [-74.5279, -7.7551], [-74.538, -7.7544], [-74.5441, -7.7522], [-74.5463, -7.7488], [-74.5475, -7.741], [-74.5568, -7.7416], [-74.5692, -7.7319], [-74.5717, -7.7279], [-74.5743, -7.7144], [-74.5822, -7.7052], [-74.5839, -7.7012], [-74.5833, -7.6842], [-74.58, -7.6798], [-74.5751, -7.6789], [-74.5717, -7.6712], [-74.5737, -7.6491], [-74.5768, -7.6422], [-74.5771, -7.6363], [-74.5908, -7.6286], [-74.5949, -7.6232], [-74.5957, -7.6166], [-74.6003, -7.6157], [-74.6076, -7.61], [-74.6267, -7.5853], [-74.6432, -7.5767], [-74.6476, -7.5645], [-74.6479, -7.5594], [-74.6408, -7.5409], [-74.6412, -7.5332], [-74.6459, -7.5158], [-74.6415, -7.5106], [-74.6427, -7.5043], [-74.6415, -7.4994], [-74.6358, -7.4902], [-74.6273, -7.4834], [-74.6202, -7.4737], [-74.614, -7.4609], [-74.6115, -7.445], [-74.5881, -7.404], [-74.579, -7.3953], [-74.5764, -7.3837], [-74.5645, -7.3594], [-74.5528, -7.3471], [-74.5409, -7.3244], [-74.5356, -7.3215], [-74.5275, -7.3138], [-74.5193, -7.302], [-74.5117, -7.2992], [-74.5039, -7.3006], [-74.4964, -7.2929], [-74.4848, -7.2977], [-74.4729, -7.2983], [-74.4619, -7.3015], [-74.4554, -7.3005], [-74.4451, -7.3045], [-74.3891, -7.319], [-74.3634, -7.3425], [-74.3368, -7.3511], [-74.28, -7.3738], [-74.2604, -7.3844], [-74.2498, -7.394], [-74.2302, -7.4161], [-74.2044, -7.4495], [-74.1932, -7.4599], [-74.1867, -7.4635], [-74.1708, -7.4673], [-74.1505, -7.4687], [-74.134, -7.4681], [-74.1039, -7.4635], [-74.0908, -7.4643], [-74.0841, -7.4658], [-74.0548, -7.4792], [-74.0465, -7.4839], [-74.0332, -7.4995], [-74.0187, -7.5103], [-74.0094, -7.5159], [-73.9992, -7.5184], [-73.9876, -7.5318], [-73.9891, -7.5359], [-73.9896, -7.5502], [-73.9882, -7.5558], [-73.9846, -7.5613], [-73.9791, -7.5652], [-73.968, -7.5666], [-73.9539, -7.5815], [-73.9365, -7.6045], [-73.9099, -7.6225], [-73.8869, -7.6328], [-73.8849, -7.6378], [-73.8864, -7.6526], [-73.8842, -7.6574], [-73.8621, -7.6771], [-73.8563, -7.677], [-73.8517, -7.675], [-73.8453, -7.6758], [-73.8404, -7.6872], [-73.8333, -7.6951], [-73.8207, -7.7171], [-73.8095, -7.722], [-73.7915, -7.7213], [-73.7819, -7.7235], [-73.7688, -7.7296], [-73.7504, -7.7306], [-73.7361, -7.7405], [-73.7234, -7.7463], [-73.7187, -7.7525], [-73.7019, -7.7606], [-73.6872, -7.7756], [-73.6827, -7.7854], [-73.6816, -7.7959], [-73.6858, -7.818], [-73.6836, -7.8369], [-73.6842, -7.8455], [-73.6958, -7.8549], [-73.7022, -7.8699], [-73.707, -7.8729], [-73.7339, -7.8729], [-73.745, -7.8711], [-73.7559, -7.8568], [-73.7592, -7.8553], [-73.7626, -7.8567], [-73.7656, -7.8613], [-73.7656, -7.8705], [-73.7631, -7.8762], [-73.7548, -7.8864], [-73.7533, -7.8921], [-73.7567, -7.8957], [-73.7701, -7.8983], [-73.7723, -7.8999], [-73.7738, -7.9042], [-73.7562, -7.9148], [-73.7485, -7.9338], [-73.7476, -7.9425], [-73.7488, -7.9509], [-73.7467, -7.956], [-73.7356, -7.9585], [-73.7287, -7.9668], [-73.7218, -7.959], [-73.7052, -7.9611], [-73.6962, -7.9594], [-73.6898, -7.9763], [-73.6845, -7.9808], [-73.6768, -7.9918], [-73.6779, -7.9993], [-73.6712, -8.0061], [-73.6617, -8.0091], [-73.6475, -8.0106], [-73.6389, -8.0144], [-73.632, -8.0201], [-73.6261, -8.0339], [-73.6235, -8.0579]]]]}}, {"type": "Feature", "properties": {"NAME_1": "Ucayali", "NAME_2": "CoronelPortillo", "NAME_3": "Campoverde", "GID_3": "PER.26.2.2_1"}, "geometry": {"type": "MultiPolygon", "coordinates": [[[[-74.6782, -8.6247], [-74.7005, -8.628], [-74.7275, -8.6371], [-74.7372, -8.6355], [-74.7464, -8.6368], [-74.7524, -8.6318], [-74.7663, -8.6261], [-74.7715, -8.6244], [-74.7766, -8.6251], [-74.8014, -8.6324], [-74.8013, -8.637], [-74.8069, -8.644], [-74.8149, -8.6477], [-74.8182, -8.6541], [-74.8245, -8.6536], [-74.8266, -8.6551], [-74.8303, -8.6652], [-74.8398, -8.6722], [-74.8416, -8.681], [-74.8471, -8.689], [-74.8479, -8.6992], [-74.8464, -8.7127], [-74.8505, -8.7247], [-74.8493, -8.7545], [-74.8514, -8.7602], [-74.8677, -8.7828], [-74.8943, -8.8047], [-74.9129, -8.8244], [-74.9165, -8.8321], [-74.9186, -8.8424], [-74.9177, -8.8698], [-74.9196, -8.8828], [-74.9344, -8.93], [-74.9385, -8.9346], [-74.9452, -8.9335], [-74.953, -8.9353], [-74.9567, -8.9387], [-74.959, -8.9372], [-74.9631, -8.9381], [-74.962, -8.9257], [-74.963, -8.9232], [-74.965, -8.9229], [-74.9665, -8.916], [-74.9708, -8.9095], [-74.971, -8.9053], [-74.9748, -8.9037], [-74.9772, -8.8971], [-74.9831, -8.8904], [-74.997, -8.8809], [-74.9993, -8.8772], [-75.0, -8.8707], [-75.0031, -8.8701], [-75.0017, -8.8522], [-75.0032, -8.8439], [-75.0019, -8.8405], [-75.0028, -8.8197], [-75.0057, -8.8161], [-75.0095, -8.816], [-75.0113, -8.8131], [-75.0122, -8.8089], [-75.0096, -8.8036], [-75.0117, -8.7948], [-75.0117, -8.7856], [-75.017, -8.7784], [-75.0175, -8.7702], [-75.0214, -8.7648], [-75.02, -8.7619], [-75.0213, -8.7599], [-75.0188, -8.7545], [-75.0207, -8.7514], [-75.0203, -8.7457], [-75.0225, -8.7432], [-75.0201, -8.7405], [-75.0218, -8.7389], [-75.0192, -8.7312], [-75.0211, -8.7282], [-75.0185, -8.7224], [-75.0197, -8.7193], [-75.0175, -8.7169], [-75.0196, -8.7146], [-75.0166, -8.7128], [-75.0152, -8.7137], [-75.0147, -8.7117], [-75.0104, -8.7097], [-75.0064, -8.711], [-75.0058, -8.7096], [-75.0074, -8.7079], [-75.0034, -8.7049], [-75.0039, -8.701], [-75.0019, -8.6978], [-75.0022, -8.695], [-75.0004, -8.6937], [-75.0006, -8.6845], [-75.0022, -8.6822], [-75.0002, -8.6798], [-75.0018, -8.67], [-75.0, -8.6658], [-74.9972, -8.6662], [-74.9954, -8.6645], [-74.9959, -8.661], [-74.9984, -8.6607], [-74.9988, -8.658], [-74.9978, -8.6567], [-74.9971, -8.6589], [-74.9955, -8.658], [-74.998, -8.6539], [-74.9951, -8.6539], [-74.9929, -8.6514], [-74.9914, -8.6484], [-74.9932, -8.6438], [-74.9905, -8.6414], [-74.9919, -8.6379], [-74.9885, -8.6374], [-74.9914, -8.6358], [-74.989, -8.6341], [-74.9914, -8.6308], [-74.9867, -8.6298], [-74.9888, -8.6268], [-74.9879, -8.6234], [-74.9895, -8.6231], [-74.9872, -8.6224], [-74.9877, -8.6194], [-74.9859, -8.6188], [-74.9878, -8.6166], [-74.9857, -8.6125], [-74.9829, -8.6117], [-74.9834, -8.6102], [-74.9804, -8.6104], [-74.982, -8.609], [-74.9813, -8.6077], [-74.9777, -8.6089], [-74.9763, -8.6036], [-74.9743, -8.6044], [-74.9722, -8.6019], [-74.9703, -8.6018], [-74.9705, -8.5969], [-74.9686, -8.597], [-74.9691, -8.5939], [-74.9662, -8.5901], [-74.9674, -8.5882], [-74.9655, -8.5873], [-74.9683, -8.5867], [-74.9665, -8.5842], [-74.9697, -8.5824], [-74.9677, -8.5813], [-74.969, -8.5795], [-74.9674, -8.5782], [-74.9704, -8.5769], [-74.9682, -8.5745], [-74.9689, -8.573], [-74.9703, -8.5734], [-74.969, -8.5687], [-74.971, -8.5679], [-74.971, -8.5658], [-74.9745, -8.5615], [-74.9725, -8.5603], [-74.9722, -8.5582], [-74.9742, -8.5574], [-74.9728, -8.5527], [-74.9699, -8.5529], [-74.9717, -8.5455], [-74.9684, -8.5437], [-74.9692, -8.5355], [-74.9705, -8.5341], [-74.9744, -8.5346], [-74.9762, -8.5328], [-74.9789, -8.5282], [-74.9769, -8.5231], [-74.9829, -8.5225], [-74.9839, -8.5216], [-74.9822, -8.5202], [-74.9851, -8.5188], [-74.9881, -8.5193], [-74.9866, -8.5134], [-74.9879, -8.5108], [-74.99, -8.5107], [-74.9901, -8.5089], [-74.9927, -8.5084], [-74.9942, -8.5061], [-74.9973, -8.507], [-74.9989, -8.5048], [-74.9976, -8.5027], [-75.0011, -8.501], [-74.9996, -8.5002], [-75.0037, -8.4929], [-75.0033, -8.4842], [-75.006, -8.4805], [-75.0047, -8.4784], [-75.012, -8.474], [-75.0112, -8.4707], [-75.0095, -8.4707], [-75.011, -8.4651], [-75.0091, -8.4619], [-75.0116, -8.4626], [-75.0121, -8.4588], [-75.0141, -8.4599], [-75.0146, -8.4575], [-75.0169, -8.457], [-75.015, -8.4557], [-75.0182, -8.4547], [-75.0171, -8.4535], [-75.0135, -8.4544], [-75.0135, -8.4508], [-75.0179, -8.4492], [-75.016, -8.4465], [-75.0192, -8.4465], [-75.0189, -8.4432], [-75.0203, -8.4434], [-75.0204, -8.4466], [-75.0216, -8.4469], [-75.0246, -8.4424], [-75.0246, -8.4383], [-75.0279, -8.4337], [-75.0264, -8.4318], [-75.0286, -8.4282], [-75.0272, -8.4247], [-75.0292, -8.4169], [-75.0266, -8.4124], [-75.0227, -8.4141], [-75.0208, -8.41], [-75.0171, -8.4116], [-75.0119, -8.4067], [-75.0128, -8.4036], [-75.0102, -8.4025], [-75.0137, -8.4001], [-75.012, -8.3976], [-75.0152, -8.3965], [-75.016, -8.3937], [-75.0142, -8.3925], [-75.0139, -8.3946], [-75.0124, -8.3947], [-75.0129, -8.3922], [-75.0061, -8.3864], [-75.0116, -8.3685], [-75.0225, -8.3555], [-75.0226, -8.3497], [-75.0206, -8.3455], [-75.0165, -8.3441], [-75.0109, -8.3462], [-75.0062, -8.3567], [-75.0008, -8.3596], [-74.9868, -8.3549], [-74.9732, -8.3457], [-74.9652, -8.3483], [-74.9619, -8.3475], [-74.9604, -8.3418], [-74.967, -8.333], [-74.9652, -8.3296], [-74.9607, -8.3289], [-74.9502, -8.3303], [-74.9455, -8.3346], [-74.9448, -8.3407], [-74.9475, -8.3517], [-74.9437, -8.3579], [-74.939, -8.359], [-74.935, -8.3578], [-74.9346, -8.3604], [-74.9318, -8.3628], [-74.9266, -8.364], [-74.9202, -8.3634], [-74.9129, -8.36], [-74.8899, -8.3583], [-74.8683, -8.3538], [-74.8544, -8.3526], [-74.8485, -8.3545], [-74.8333, -8.3518], [-74.8258, -8.3483], [-74.8169, -8.3406], [-74.8106, -8.3245], [-74.803, -8.3122], [-74.7927, -8.3052], [-74.7603, -8.2889], [-74.7388, -8.2687], [-74.726, -8.2628], [-74.7236, -8.2582], [-74.7253, -8.2459], [-74.7233, -8.2402], [-74.7154, -8.238], [-74.7017, -8.226], [-74.6905, -8.2195], [-74.6861, -8.2326], [-74.6785, -8.2401], [-74.6688, -8.2447], [-74.6589, -8.2524], [-74.6554, -8.2506], [-74.6555, -8.2453], [-74.6541, -8.2434], [-74.6481, -8.2468], [-74.6458, -8.2458], [-74.6401, -8.2488], [-74.6417, -8.2519], [-74.6318, -8.2713], [-74.6298, -8.2784], [-74.6305, -8.2824], [-74.6261, -8.2943], [-74.6302, -8.2981], [-74.6311, -8.2961], [-74.6329, -8.2969], [-74.6326, -8.2988], [-74.634, -8.2983], [-74.6366, -8.302], [-74.6401, -8.3032], [-74.6403, -8.307], [-74.6442, -8.3087], [-74.6488, -8.3232], [-74.6568, -8.3384], [-74.6613, -8.3521], [-74.6716, -8.3637], [-74.6706, -8.3672], [-74.6747, -8.3685], [-74.6793, -8.3801], [-74.6775, -8.3865], [-74.6791, -8.3926], [-74.6753, -8.3971], [-74.6722, -8.4066], [-74.6766, -8.4167], [-74.6782, -8.6247]]]]}}, {"type": "Feature", "properties": {"NAME_1": "Ucayali", "NAME_2": "CoronelPortillo", "NAME_3": "Iparia", "GID_3": "PER.26.2.3_1"}, "geometry": {"type": "MultiPolygon", "coordinates": [[[[-74.6174, -8.8268], [-74.6125, -8.8202], [-74.6051, -8.8154], [-74.5657, -8.801], [-74.5493, -8.7859], [-74.541, -8.7803], [-74.527, -8.7757], [-74.5167, -8.7807], [-74.5091, -8.7908], [-74.4841, -8.8422], [-74.4796, -8.8469], [-74.4609, -8.8597], [-74.4498, -8.8742], [-74.4466, -8.8882], [-74.4465, -8.9212], [-74.4441, -8.9383], [-74.4275, -8.974], [-74.4104, -8.9904], [-74.3902, -8.9998], [-74.3775, -9.0156], [-74.3463, -9.0473], [-74.3319, -9.0651], [-74.2926, -9.1017], [-74.2512, -9.1651], [-74.2285, -9.1939], [-74.2103, -9.2089], [-74.1996, -9.2147], [-74.1937, -9.2158], [-74.1834, -9.2157], [-74.1527, -9.2089], [-74.1211, -9.1977], [-74.1103, -9.1955], [-74.0951, -9.1962], [-74.0839, -9.2011], [-74.0786, -9.2078], [-74.0761, -9.2154], [-74.0769, -9.2491], [-74.0804, -9.2688], [-74.0899, -9.2997], [-74.094, -9.3251], [-74.0934, -9.377], [-74.0913, -9.3991], [-74.0821, -9.4366], [-74.0792, -9.4406], [-74.0665, -9.4503], [-74.0529, -9.4575], [-73.9939, -9.4801], [-73.9146, -9.5203], [-73.8974, -9.5253], [-73.8787, -9.5267], [-73.8514, -9.5188], [-73.8428, -9.5139], [-73.8289, -9.5114], [-73.8135, -9.5023], [-73.8039, -9.4932], [-73.7882, -9.4874], [-73.7852, -9.4843], [-73.7878, -9.4713], [-73.7848, -9.4655], [-73.7805, -9.4617], [-73.7762, -9.4621], [-73.7599, -9.475], [-73.7541, -9.477], [-73.7457, -9.4743], [-73.732, -9.4634], [-73.7249, -9.4631], [-73.7208, -9.4686], [-73.7208, -9.476], [-73.7099, -9.4806], [-73.6912, -9.4922], [-73.6812, -9.4956], [-73.6687, -9.5029], [-73.6296, -9.5126], [-73.6169, -9.5186], [-73.5911, -9.5472], [-73.5803, -9.5546], [-73.5396, -9.5908], [-73.5144, -9.6052], [-73.4925, -9.6274], [-73.4345, -9.6714], [-73.4207, -9.6808], [-73.39, -9.691], [-73.3544, -9.7065], [-73.3337, -9.7259], [-73.3229, -9.7329], [-73.2966, -9.7416], [-73.2799, -9.7427], [-73.2298, -9.7412], [-73.1906, -9.7368], [-73.1768, -9.7715], [-73.1592, -9.8248], [-73.1359, -9.875], [-73.12, -9.8937], [-73.1065, -9.9061], [-73.0985, -9.9227], [-73.0774, -9.9416], [-73.0672, -9.9728], [-73.0552, -9.997], [-73.0547, -10.0028], [-73.0575, -10.0064], [-73.0764, -10.0174], [-73.088, -10.0215], [-73.0951, -10.0285], [-73.0959, -10.0323], [-73.0907, -10.0476], [-73.0945, -10.0615], [-73.0916, -10.0731], [-73.0929, -10.0768], [-73.1093, -10.093], [-73.117, -10.0857], [-73.1235, -10.0822], [-73.129, -10.0758], [-73.1404, -10.072], [-73.1502, -10.0618], [-73.1596, -10.0579], [-73.1677, -10.0509], [-73.1853, -10.041], [-73.1921, -10.0323], [-73.2045, -10.0269], [-73.2121, -10.0197], [-73.2198, -10.0085], [-73.233, -9.9727], [-73.2485, -9.9427], [-73.2577, -9.9304], [-73.2814, -9.9091], [-73.3112, -9.8905], [-73.3329, -9.8819], [-73.3657, -9.8741], [-73.3792, -9.8688], [-73.3848, -9.8645], [-73.3915, -9.8549], [-73.4021, -9.8286], [-73.4078, -9.8203], [-73.442, -9.7986], [-73.4473, -9.7926], [-73.4617, -9.7694], [-73.4702, -9.7602], [-73.4967, -9.7436], [-73.5039, -9.7364], [-73.5129, -9.7218], [-73.5173, -9.7174], [-73.526, -9.7159], [-73.5318, -9.7114], [-73.5539, -9.6775], [-73.5906, -9.644], [-73.6246, -9.6041], [-73.6308, -9.6002], [-73.6404, -9.5976], [-73.6516, -9.5987], [-73.6692, -9.605], [-73.6822, -9.6047], [-73.6868, -9.6076], [-73.693, -9.6156], [-73.7157, -9.6261], [-73.7441, -9.6565], [-73.7507, -9.6679], [-73.7584, -9.6868], [-73.7637, -9.6919], [-73.77, -9.6941], [-73.7999, -9.6971], [-73.8143, -9.6967], [-73.8521, -9.684], [-73.8746, -9.6802], [-73.8931, -9.6798], [-73.9147, -9.6832], [-73.9656, -9.6974], [-74.0, -9.7113], [-74.0125, -9.7186], [-74.0229, -9.7211], [-74.0751, -9.7034], [-74.097, -9.699], [-74.1157, -9.6973], [-74.145, -9.6993], [-74.1768, -9.7045], [-74.2074, -9.712], [-74.2293, -9.723], [-74.2492, -9.7302], [-74.2699, -9.7427], [-74.2768, -9.7508], [-74.2865, -9.7814], [-74.2928, -9.7897], [-74.3127, -9.801], [-74.327, -9.8192], [-74.3572, -9.8332], [-74.3657, -9.8393], [-74.3725, -9.8542], [-74.3744, -9.8662], [-74.3712, -9.8758], [-74.3644, -9.8833], [-74.3642, -9.8853], [-74.3701, -9.8924], [-74.377, -9.8917], [-74.3809, -9.8942], [-74.3815, -9.8982], [-74.3787, -9.9059], [-74.3807, -9.9097], [-74.3826, -9.9107], [-74.3889, -9.9086], [-74.4082, -9.8964], [-74.4136, -9.8983], [-74.428, -9.8813], [-74.4466, -9.8479], [-74.4482, -9.8232], [-74.4456, -9.7716], [-74.4545, -9.7489], [-74.4585, -9.7334], [-74.4623, -9.7284], [-74.4715, -9.7237], [-74.4732, -9.7214], [-74.4743, -9.6988], [-74.4763, -9.6931], [-74.4757, -9.6578], [-74.4775, -9.6533], [-74.482, -9.6496], [-74.4794, -9.6399], [-74.4798, -9.6333], [-74.4783, -9.628], [-74.4793, -9.6245], [-74.4955, -9.6111], [-74.5204, -9.5974], [-74.5331, -9.5935], [-74.5469, -9.5829], [-74.5519, -9.581], [-74.5668, -9.5794], [-74.5763, -9.5747], [-74.5838, -9.5582], [-74.5842, -9.5411], [-74.5826, -9.5328], [-74.5755, -9.5217], [-74.5696, -9.5004], [-74.572, -9.4925], [-74.5833, -9.4777], [-74.5921, -9.47], [-74.6098, -9.4633], [-74.6347, -9.4581], [-74.6458, -9.4542], [-74.6563, -9.448], [-74.6764, -9.4262], [-74.6826, -9.4091], [-74.6814, -9.3985], [-74.6752, -9.3862], [-74.6355, -9.3631], [-74.6247, -9.3544], [-74.5962, -9.318], [-74.5868, -9.2958], [-74.591, -9.2918], [-74.5903, -9.2682], [-74.6007, -9.255], [-74.6025, -9.2506], [-74.6077, -9.2473], [-74.6146, -9.2378], [-74.6197, -9.2241], [-74.6194, -9.2022], [-74.621, -9.1892], [-74.625, -9.1785], [-74.6332, -9.1673], [-74.6357, -9.1584], [-74.6331, -9.1334], [-74.6382, -9.1227], [-74.6656, -9.0806], [-74.6562, -9.0664], [-74.655, -9.0565], [-74.6508, -9.0477], [-74.6552, -9.0425], [-74.6549, -9.0369], [-74.6519, -9.0312], [-74.648, -9.0277], [-74.6418, -9.0108], [-74.6426, -9.0046], [-74.6484, -8.9948], [-74.6533, -8.9802], [-74.6513, -8.9718], [-74.6567, -8.9672], [-74.6581, -8.9634], [-74.6429, -8.9445], [-74.6427, -8.9391], [-74.6468, -8.9259], [-74.6427, -8.9159], [-74.6314, -8.9104], [-74.6255, -8.8995], [-74.6179, -8.8668], [-74.6174, -8.8268]]]]}}, {"type": "Feature", "properties": {"NAME_1": "Ucayali", "NAME_2": "CoronelPortillo", "NAME_3": "Masisea", "GID_3": "PER.26.2.4_1"}, "geometry": {"type": "MultiPolygon", "coordinates": [[[[-73.5296, -8.3299], [-73.529, -8.3505], [-73.5045, -8.3788], [-73.4918, -8.3868], [-73.4789, -8.386], [-73.4709, -8.389], [-73.4259, -8.4295], [-73.4192, -8.4385], [-73.4105, -8.4567], [-73.4019, -8.4663], [-73.3902, -8.4724], [-73.367, -8.4696], [-73.3474, -8.4745], [-73.3414, -8.477], [-73.3277, -8.487], [-73.3248, -8.4917], [-73.3245, -8.4988], [-73.3363, -8.518], [-73.341, -8.529], [-73.3436, -8.5634], [-73.3409, -8.583], [-73.3345, -8.5928], [-73.3327, -8.602], [-73.3276, -8.6113], [-73.3118, -8.628], [-73.2785, -8.6726], [-73.2634, -8.6887], [-73.2516, -8.6911], [-73.2173, -8.687], [-73.2003, -8.6868], [-73.1793, -8.6969], [-73.1598, -8.7098], [-73.155, -8.7168], [-73.152, -8.7375], [-73.1446, -8.7563], [-73.1344, -8.771], [-73.1074, -8.7967], [-73.1009, -8.8073], [-73.0929, -8.8259], [-73.0498, -8.8873], [-73.0378, -8.9024], [-73.0071, -8.9344], [-72.9804, -8.9545], [-72.9604, -8.9731], [-72.9525, -8.9873], [-72.9571, -9.0094], [-72.9623, -9.0109], [-72.9632, -9.0127], [-72.9566, -9.0184], [-72.9579, -9.0225], [-72.9524, -9.0276], [-72.9485, -9.0279], [-72.9472, -9.0302], [-72.9471, -9.0463], [-72.9429, -9.0534], [-72.9492, -9.0631], [-72.9501, -9.0686], [-72.9427, -9.0811], [-72.9402, -9.0949], [-72.9451, -9.1022], [-72.9434, -9.1086], [-72.9458, -9.113], [-72.9461, -9.1207], [-72.9526, -9.1268], [-72.9558, -9.1327], [-72.9606, -9.1329], [-72.9575, -9.1359], [-72.9584, -9.1428], [-72.9641, -9.1438], [-72.9671, -9.1427], [-72.9666, -9.1477], [-72.9736, -9.1529], [-72.9777, -9.1535], [-72.9826, -9.1586], [-72.9864, -9.1585], [-72.9918, -9.1627], [-72.9945, -9.1603], [-72.9987, -9.1605], [-73.0138, -9.169], [-73.0164, -9.1771], [-73.0151, -9.1823], [-72.9989, -9.1879], [-72.9975, -9.1931], [-73.0087, -9.2144], [-73.0242, -9.2266], [-73.0344, -9.2332], [-73.0398, -9.2343], [-73.0484, -9.2342], [-73.0553, -9.2301], [-73.0646, -9.2282], [-73.0759, -9.23], [-73.0844, -9.2353], [-73.0917, -9.2554], [-73.1111, -9.2782], [-73.1122, -9.2877], [-73.1106, -9.2926], [-73.1056, -9.2981], [-73.1067, -9.3053], [-73.1423, -9.3261], [-73.1552, -9.3453], [-73.1638, -9.35], [-73.1774, -9.3527], [-73.1882, -9.3595], [-73.1916, -9.3664], [-73.1947, -9.3915], [-73.1987, -9.3988], [-73.207, -9.4045], [-73.2094, -9.4118], [-73.2121, -9.4583], [-73.2098, -9.5187], [-73.2106, -9.5914], [-73.2086, -9.6097], [-73.2089, -9.6312], [-73.2031, -9.6798], [-73.1969, -9.7131], [-73.1906, -9.7368], [-73.2298, -9.7412], [-73.2799, -9.7427], [-73.2966, -9.7416], [-73.3229, -9.7329], [-73.3337, -9.7259], [-73.3544, -9.7065], [-73.39, -9.691], [-73.4207, -9.6808], [-73.4345, -9.6714], [-73.4925, -9.6274], [-73.5144, -9.6052], [-73.5396, -9.5908], [-73.5803, -9.5546], [-73.5911, -9.5472], [-73.6169, -9.5186], [-73.6296, -9.5126], [-73.6687, -9.5029], [-73.6812, -9.4956], [-73.6912, -9.4922], [-73.7099, -9.4806], [-73.7208, -9.476], [-73.7208, -9.4686], [-73.7249, -9.4631], [-73.732, -9.4634], [-73.7457, -9.4743], [-73.7541, -9.477], [-73.7599, -9.475], [-73.7762, -9.4621], [-73.7805, -9.4617], [-73.7848, -9.4655], [-73.7878, -9.4713], [-73.7852, -9.4843], [-73.7882, -9.4874], [-73.8039, -9.4932], [-73.8135, -9.5023], [-73.8289, -9.5114], [-73.8428, -9.5139], [-73.8514, -9.5188], [-73.8787, -9.5267], [-73.8974, -9.5253], [-73.9146, -9.5203], [-73.9939, -9.4801], [-74.0529, -9.4575], [-74.0733, -9.4457], [-74.0821, -9.4366], [-74.0913, -9.3991], [-74.0947, -9.3461], [-74.094, -9.3251], [-74.0899, -9.2997], [-74.0804, -9.2688], [-74.0769, -9.2491], [-74.0759, -9.2176], [-74.0786, -9.2078], [-74.0839, -9.2011], [-74.089, -9.1978], [-74.1047, -9.195], [-74.1211, -9.1977], [-74.1527, -9.2089], [-74.1834, -9.2157], [-74.1937, -9.2158], [-74.1996, -9.2147], [-74.2103, -9.2089], [-74.2285, -9.1939], [-74.2512, -9.1651], [-74.2926, -9.1017], [-74.3319, -9.0651], [-74.3463, -9.0473], [-74.3775, -9.0156], [-74.3902, -8.9998], [-74.4104, -8.9904], [-74.4275, -8.974], [-74.4441, -8.9383], [-74.4465, -8.9212], [-74.4466, -8.8882], [-74.4498, -8.8742], [-74.4609, -8.8597], [-74.4796, -8.8469], [-74.4841, -8.8422], [-74.5108, -8.7876], [-74.5167, -8.7807], [-74.527, -8.7757], [-74.5155, -8.7663], [-74.5093, -8.7528], [-74.5081, -8.7441], [-74.5089, -8.7207], [-74.5136, -8.6924], [-74.5, -8.6711], [-74.4764, -8.6558], [-74.4481, -8.6433], [-74.4337, -8.6324], [-74.4276, -8.6262], [-74.421, -8.616], [-74.415, -8.5959], [-74.4039, -8.5807], [-74.392, -8.5693], [-74.3807, -8.562], [-74.3596, -8.553], [-74.3385, -8.5361], [-74.3245, -8.5306], [-74.3224, -8.5215], [-74.3232, -8.5065], [-74.311, -8.4875], [-74.285, -8.463], [-74.2669, -8.4524], [-74.2593, -8.45], [-74.253, -8.451], [-74.245, -8.4592], [-74.2228, -8.4662], [-74.2126, -8.4722], [-74.1963, -8.4898], [-74.154, -8.5444], [-74.1312, -8.5647], [-74.1163, -8.5728], [-74.0868, -8.5852], [-74.0514, -8.5949], [-74.0238, -8.5943], [-74.0011, -8.6056], [-73.9958, -8.6016], [-73.9906, -8.5949], [-73.9741, -8.5459], [-73.9669, -8.5319], [-73.9252, -8.4848], [-73.9115, -8.4733], [-73.9042, -8.4704], [-73.898, -8.4702], [-73.8177, -8.4857], [-73.7988, -8.4823], [-73.7568, -8.4536], [-73.7274, -8.4428], [-73.677, -8.4155], [-73.6496, -8.4094], [-73.6382, -8.4049], [-73.6247, -8.3946], [-73.6053, -8.3763], [-73.5936, -8.3626], [-73.5786, -8.3508], [-73.5645, -8.343], [-73.5296, -8.3299]]]]}}, {"type": "Feature", "properties": {"NAME_1": "Ucayali", "NAME_2": "CoronelPortillo", "NAME_3": "NuevaRequena", "GID_3": "PER.26.2.5_1"}, "geometry": {"type": "MultiPolygon", "coordinates": [[[[-75.4537, -8.21], [-75.4489, -8.2066], [-75.449, -8.203], [-75.4457, -8.1973], [-75.4408, -8.1938], [-75.4236, -8.1863], [-75.415, -8.1717], [-75.4043, -8.167], [-75.3961, -8.1659], [-75.3889, -8.1599], [-75.3809, -8.1588], [-75.3659, -8.1517], [-75.354, -8.1485], [-75.3324, -8.1326], [-75.3183, -8.125], [-75.2954, -8.123], [-75.2853, -8.1275], [-75.2798, -8.1318], [-75.2742, -8.1329], [-75.2719, -8.1366], [-75.2656, -8.1406], [-75.2621, -8.1473], [-75.2571, -8.1522], [-75.2517, -8.1529], [-75.235, -8.1501], [-75.2313, -8.1452], [-75.2283, -8.1321], [-75.2178, -8.1183], [-75.217, -8.1034], [-75.2105, -8.0844], [-75.2087, -8.052], [-75.2052, -8.0426], [-75.2008, -8.0371], [-75.1809, -8.0247], [-75.1236, -8.0028], [-75.0909, -7.9875], [-75.0654, -7.9792], [-75.0539, -7.9795], [-75.0128, -7.9881], [-75.0035, -7.9913], [-74.9837, -8.0028], [-74.965, -8.0091], [-74.896, -8.0258], [-74.8691, -8.0308], [-74.8539, -8.0299], [-74.8379, -8.0252], [-74.815, -8.0131], [-74.794, -8.006], [-74.7763, -8.0096], [-74.7706, -8.0153], [-74.7624, -8.018], [-74.7545, -8.0174], [-74.746, -8.0134], [-74.7329, -8.01], [-74.7137, -8.0126], [-74.7081, -8.009], [-74.7038, -7.9982], [-74.6985, -7.9968], [-74.6965, -8.0003], [-74.6966, -8.0206], [-74.6929, -8.0299], [-74.6873, -8.0379], [-74.6776, -8.0446], [-74.6677, -8.0489], [-74.6434, -8.0541], [-74.6398, -8.0569], [-74.6376, -8.063], [-74.6381, -8.0837], [-74.6449, -8.0984], [-74.6501, -8.1046], [-74.6631, -8.1104], [-74.6668, -8.1223], [-74.6747, -8.121], [-74.6807, -8.126], [-74.6849, -8.1393], [-74.6949, -8.1603], [-74.6989, -8.1731], [-74.7027, -8.1938], [-74.693, -8.2059], [-74.6908, -8.2125], [-74.6905, -8.2195], [-74.7017, -8.226], [-74.7154, -8.238], [-74.7233, -8.2402], [-74.7253, -8.2459], [-74.7236, -8.2582], [-74.726, -8.2628], [-74.7388, -8.2687], [-74.7603, -8.2889], [-74.7977, -8.3081], [-74.8069, -8.3177], [-74.8169, -8.3406], [-74.8197, -8.3437], [-74.8291, -8.3501], [-74.8428, -8.3541], [-74.8579, -8.3525], [-74.8899, -8.3583], [-74.9129, -8.36], [-74.9202, -8.3634], [-74.9266, -8.364], [-74.9318, -8.3628], [-74.9346, -8.3604], [-74.935, -8.3578], [-74.9414, -8.3588], [-74.9459, -8.3555], [-74.9476, -8.3493], [-74.9448, -8.3371], [-74.9478, -8.3317], [-74.9534, -8.3293], [-74.964, -8.329], [-74.967, -8.333], [-74.9604, -8.3418], [-74.9619, -8.3475], [-74.9652, -8.3483], [-74.9732, -8.3457], [-74.9868, -8.3549], [-74.9987, -8.359], [-75.002, -8.3596], [-75.0062, -8.3567], [-75.0109, -8.3462], [-75.0165, -8.3441], [-75.0206, -8.3455], [-75.0226, -8.3497], [-75.0225, -8.3555], [-75.0116, -8.3685], [-75.01, -8.3759], [-75.0183, -8.3711], [-75.0266, -8.3608], [-75.0283, -8.342], [-75.0358, -8.3173], [-75.0517, -8.3028], [-75.0568, -8.2896], [-75.0636, -8.2782], [-75.0738, -8.2679], [-75.1015, -8.2659], [-75.1247, -8.2754], [-75.1271, -8.2779], [-75.1323, -8.2788], [-75.1373, -8.2763], [-75.1384, -8.2725], [-75.1422, -8.2729], [-75.1533, -8.2679], [-75.1715, -8.2673], [-75.1869, -8.2625], [-75.1963, -8.2626], [-75.2019, -8.2609], [-75.2112, -8.2562], [-75.2174, -8.2465], [-75.2283, -8.2396], [-75.2325, -8.2415], [-75.238, -8.2404], [-75.2437, -8.2429], [-75.2548, -8.2536], [-75.2647, -8.2563], [-75.268, -8.2622], [-75.2704, -8.2634], [-75.2785, -8.2606], [-75.2872, -8.2602], [-75.2926, -8.2557], [-75.3033, -8.2575], [-75.3056, -8.2606], [-75.3142, -8.2577], [-75.3171, -8.2599], [-75.3238, -8.2504], [-75.3283, -8.2489], [-75.3661, -8.2534], [-75.3804, -8.2522], [-75.387, -8.2498], [-75.3952, -8.2441], [-75.402, -8.2463], [-75.4116, -8.2423], [-75.4164, -8.2434], [-75.4206, -8.2419], [-75.4271, -8.2435], [-75.4284, -8.2329], [-75.4307, -8.2291], [-75.437, -8.2288], [-75.4379, -8.2257], [-75.4475, -8.2138], [-75.4537, -8.21]]]]}}, {"type": "Feature", "properties": {"NAME_1": "Ucayali", "NAME_2": "CoronelPortillo", "NAME_3": "Yarinacocha", "GID_3": "PER.26.2.6_1"}, "geometry": {"type": "MultiPolygon", "coordinates": [[[[-74.6647, -8.118], [-74.6581, -8.1243], [-74.6562, -8.13], [-74.6573, -8.1453], [-74.6613, -8.1608], [-74.6612, -8.1691], [-74.669, -8.185], [-74.6691, -8.1925], [-74.6665, -8.1983], [-74.6578, -8.2039], [-74.6466, -8.205], [-74.6414, -8.2071], [-74.6204, -8.2204], [-74.6156, -8.2262], [-74.6099, -8.2382], [-74.6062, -8.2416], [-74.6011, -8.2427], [-74.5886, -8.239], [-74.5777, -8.241], [-74.5721, -8.2504], [-74.5571, -8.2645], [-74.5414, -8.2919], [-74.5707, -8.359], [-74.5684, -8.3631], [-74.5726, -8.3694], [-74.582, -8.3929], [-74.6558, -8.4112], [-74.676, -8.42], [-74.6764, -8.4152], [-74.6722, -8.4066], [-74.6753, -8.3971], [-74.6791, -8.3926], [-74.6775, -8.3865], [-74.6793, -8.3801], [-74.6784, -8.3763], [-74.6747, -8.3685], [-74.6706, -8.3672], [-74.6716, -8.3637], [-74.6613, -8.3521], [-74.6568, -8.3384], [-74.6488, -8.3232], [-74.6442, -8.3087], [-74.6403, -8.307], [-74.6401, -8.3032], [-74.6366, -8.302], [-74.634, -8.2983], [-74.6326, -8.2988], [-74.6329, -8.2969], [-74.6311, -8.2961], [-74.6302, -8.2981], [-74.6261, -8.2943], [-74.6305, -8.2824], [-74.6298, -8.2784], [-74.6318, -8.2713], [-74.6417, -8.2519], [-74.6401, -8.2488], [-74.6458, -8.2458], [-74.6481, -8.2468], [-74.6541, -8.2434], [-74.6555, -8.2453], [-74.6554, -8.2506], [-74.6589, -8.2524], [-74.6688, -8.2447], [-74.6795, -8.2393], [-74.6865, -8.232], [-74.693, -8.2059], [-74.7027, -8.1938], [-74.6975, -8.1684], [-74.6914, -8.151], [-74.6849, -8.1393], [-74.6807, -8.126], [-74.6747, -8.121], [-74.6668, -8.1223], [-74.6647, -8.118]]]]}}, {"type": "Feature", "properties": {"NAME_1": "Ucayali", "NAME_2": "PadreAbad", "NAME_3": "Curimana", "GID_3": "PER.26.3.1_1"}, "geometry": {"type": "MultiPolygon", "coordinates": [[[[-75.694, -8.4302], [-75.6882, -8.4235], [-75.6805, -8.4183], [-75.662, -8.4145], [-75.6456, -8.409], [-75.6278, -8.4088], [-75.6127, -8.4038], [-75.599, -8.4053], [-75.5912, -8.404], [-75.565, -8.4081], [-75.5598, -8.4117], [-75.5535, -8.4127], [-75.5339, -8.4209], [-75.5209, -8.4238], [-75.5115, -8.4237], [-75.5003, -8.4346], [-75.494, -8.4382], [-75.4514, -8.442], [-75.4429, -8.4385], [-75.4358, -8.4282], [-75.4359, -8.4231], [-75.4326, -8.4157], [-75.434, -8.3961], [-75.4474, -8.3848], [-75.462, -8.3876], [-75.4683, -8.3853], [-75.4754, -8.3793], [-75.4792, -8.3787], [-75.4804, -8.3717], [-75.4792, -8.3663], [-75.4808, -8.3624], [-75.4797, -8.3595], [-75.4743, -8.3559], [-75.4755, -8.3492], [-75.4835, -8.339], [-75.4914, -8.336], [-75.4953, -8.3326], [-75.5094, -8.3134], [-75.5114, -8.3058], [-75.511, -8.2819], [-75.5124, -8.2762], [-75.5106, -8.2695], [-75.4958, -8.251], [-75.4888, -8.2436], [-75.4848, -8.2425], [-75.4753, -8.23], [-75.4598, -8.224], [-75.4572, -8.215], [-75.4537, -8.21], [-75.4475, -8.2138], [-75.4379, -8.2257], [-75.437, -8.2288], [-75.4307, -8.2291], [-75.4284, -8.2329], [-75.4271, -8.2435], [-75.4206, -8.2419], [-75.4164, -8.2434], [-75.4116, -8.2423], [-75.402, -8.2463], [-75.3952, -8.2441], [-75.387, -8.2498], [-75.3804, -8.2522], [-75.3661, -8.2534], [-75.3283, -8.2489], [-75.3238, -8.2504], [-75.3171, -8.2599], [-75.3142, -8.2577], [-75.3056, -8.2606], [-75.3033, -8.2575], [-75.2926, -8.2557], [-75.2872, -8.2602], [-75.2785, -8.2606], [-75.2704, -8.2634], [-75.268, -8.2622], [-75.2647, -8.2563], [-75.2548, -8.2536], [-75.2437, -8.2429], [-75.238, -8.2404], [-75.2325, -8.2415], [-75.2283, -8.2396], [-75.2174, -8.2465], [-75.2112, -8.2562], [-75.2019, -8.2609], [-75.1963, -8.2626], [-75.1869, -8.2625], [-75.1715, -8.2673], [-75.1533, -8.2679], [-75.1422, -8.2729], [-75.1384, -8.2725], [-75.1373, -8.2763], [-75.1323, -8.2788], [-75.1271, -8.2779], [-75.1247, -8.2754], [-75.1015, -8.2659], [-75.0738, -8.2679], [-75.0636, -8.2782], [-75.0568, -8.2896], [-75.0517, -8.3028], [-75.0358, -8.3173], [-75.0283, -8.342], [-75.0266, -8.3608], [-75.0183, -8.3711], [-75.0097, -8.3763], [-75.006, -8.3843], [-75.0065, -8.3872], [-75.0129, -8.3922], [-75.0124, -8.3947], [-75.0139, -8.3946], [-75.0142, -8.3925], [-75.016, -8.3937], [-75.0152, -8.3965], [-75.012, -8.3976], [-75.0137, -8.4001], [-75.0102, -8.4025], [-75.0128, -8.4036], [-75.0119, -8.4067], [-75.0171, -8.4116], [-75.0208, -8.41], [-75.0227, -8.4141], [-75.0266, -8.4124], [-75.0292, -8.4169], [-75.0272, -8.4247], [-75.0286, -8.4282], [-75.0264, -8.4318], [-75.0279, -8.4337], [-75.0246, -8.4383], [-75.0246, -8.4424], [-75.0202, -8.4485], [-75.0218, -8.4493], [-75.0216, -8.4536], [-75.0243, -8.4584], [-75.023, -8.4588], [-75.0235, -8.461], [-75.0189, -8.4637], [-75.0275, -8.4701], [-75.0258, -8.4733], [-75.0282, -8.4739], [-75.0314, -8.4813], [-75.0333, -8.4815], [-75.0336, -8.4832], [-75.0356, -8.4829], [-75.0354, -8.4843], [-75.04, -8.4879], [-75.0394, -8.489], [-75.0428, -8.4936], [-75.0403, -8.4955], [-75.0404, -8.4992], [-75.0418, -8.4995], [-75.0411, -8.5022], [-75.0454, -8.5078], [-75.059, -8.5086], [-75.0699, -8.5135], [-75.0755, -8.5104], [-75.0956, -8.5144], [-75.1014, -8.5126], [-75.1129, -8.5216], [-75.133, -8.5291], [-75.1376, -8.5362], [-75.1456, -8.5346], [-75.1529, -8.5382], [-75.1593, -8.5363], [-75.162, -8.5386], [-75.1627, -8.5416], [-75.1662, -8.5427], [-75.1755, -8.5403], [-75.1762, -8.5499], [-75.1784, -8.551], [-75.1795, -8.5545], [-75.1869, -8.5536], [-75.1909, -8.5553], [-75.1921, -8.5587], [-75.1975, -8.5581], [-75.2002, -8.5626], [-75.2047, -8.5611], [-75.209, -8.5625], [-75.2095, -8.5687], [-75.2131, -8.5678], [-75.2141, -8.5721], [-75.2178, -8.57], [-75.2205, -8.5736], [-75.2236, -8.5734], [-75.2277, -8.5762], [-75.2297, -8.5749], [-75.2321, -8.5774], [-75.2371, -8.5785], [-75.2373, -8.5817], [-75.2405, -8.582], [-75.2417, -8.5844], [-75.2442, -8.5854], [-75.2461, -8.5883], [-75.244, -8.5902], [-75.2452, -8.5932], [-75.2432, -8.5939], [-75.2482, -8.596], [-75.248, -8.6006], [-75.2497, -8.6021], [-75.2486, -8.604], [-75.2503, -8.6052], [-75.2454, -8.6083], [-75.2469, -8.6132], [-75.2489, -8.6138], [-75.2505, -8.624], [-75.2597, -8.6296], [-75.2615, -8.6282], [-75.2656, -8.63], [-75.2725, -8.6281], [-75.276, -8.6299], [-75.2798, -8.6279], [-75.282, -8.6296], [-75.2816, -8.634], [-75.2865, -8.6368], [-75.2868, -8.6389], [-75.2932, -8.64], [-75.2971, -8.6389], [-75.3028, -8.6306], [-75.3029, -8.6269], [-75.3057, -8.622], [-75.3117, -8.6177], [-75.3139, -8.6131], [-75.3257, -8.6014], [-75.3304, -8.6005], [-75.3323, -8.604], [-75.3313, -8.6088], [-75.3361, -8.6095], [-75.3375, -8.612], [-75.3405, -8.6123], [-75.3403, -8.609], [-75.3418, -8.6073], [-75.3462, -8.6085], [-75.3494, -8.6047], [-75.3559, -8.6019], [-75.3575, -8.5986], [-75.3621, -8.5963], [-75.3668, -8.59], [-75.3708, -8.5885], [-75.3743, -8.5902], [-75.3805, -8.5868], [-75.386, -8.5784], [-75.3819, -8.5964], [-75.3827, -8.6076], [-75.3845, -8.6101], [-75.386, -8.61], [-75.3881, -8.6034], [-75.3874, -8.5938], [-75.3926, -8.5906], [-75.4007, -8.5901], [-75.4004, -8.5818], [-75.4047, -8.5772], [-75.4054, -8.5711], [-75.4077, -8.5673], [-75.4108, -8.5682], [-75.4123, -8.5734], [-75.4084, -8.5808], [-75.4088, -8.5834], [-75.4148, -8.5827], [-75.4206, -8.5851], [-75.4254, -8.5848], [-75.4259, -8.5823], [-75.4236, -8.5769], [-75.4185, -8.5763], [-75.421, -8.572], [-75.4198, -8.5656], [-75.4219, -8.5646], [-75.4278, -8.5674], [-75.4298, -8.5602], [-75.4332, -8.5605], [-75.4367, -8.5661], [-75.4386, -8.5648], [-75.4385, -8.5606], [-75.4398, -8.5597], [-75.4463, -8.5667], [-75.4491, -8.5585], [-75.4548, -8.5598], [-75.4606, -8.5581], [-75.4629, -8.5555], [-75.4658, -8.5558], [-75.4656, -8.5598], [-75.4595, -8.5593], [-75.4567, -8.5633], [-75.4636, -8.5631], [-75.4622, -8.5667], [-75.4651, -8.5694], [-75.4666, -8.5754], [-75.4694, -8.5774], [-75.4732, -8.5766], [-75.4737, -8.5828], [-75.4802, -8.5843], [-75.4834, -8.5795], [-75.4818, -8.5731], [-75.4903, -8.5742], [-75.4909, -8.5724], [-75.4882, -8.5687], [-75.4987, -8.5591], [-75.4999, -8.5527], [-75.5036, -8.5513], [-75.5083, -8.556], [-75.516, -8.5572], [-75.5207, -8.5554], [-75.5214, -8.5522], [-75.516, -8.5467], [-75.5149, -8.5433], [-75.5201, -8.5228], [-75.5281, -8.5203], [-75.5345, -8.5279], [-75.5376, -8.5285], [-75.5396, -8.5269], [-75.5347, -8.5175], [-75.5341, -8.5086], [-75.539, -8.5092], [-75.538, -8.5164], [-75.5406, -8.5193], [-75.5433, -8.5193], [-75.5462, -8.51], [-75.5515, -8.5127], [-75.5571, -8.5106], [-75.5553, -8.505], [-75.5585, -8.4989], [-75.5625, -8.4954], [-75.5669, -8.497], [-75.565, -8.4922], [-75.5661, -8.4909], [-75.5676, -8.4922], [-75.5693, -8.4883], [-75.5721, -8.4892], [-75.5736, -8.4834], [-75.576, -8.483], [-75.578, -8.4873], [-75.5807, -8.4846], [-75.5866, -8.4837], [-75.5856, -8.4855], [-75.5878, -8.4857], [-75.5876, -8.4886], [-75.5907, -8.4917], [-75.5989, -8.4862], [-75.5988, -8.4817], [-75.601, -8.4825], [-75.6027, -8.4858], [-75.605, -8.4838], [-75.6073, -8.4851], [-75.6099, -8.4796], [-75.6126, -8.481], [-75.613, -8.4784], [-75.618, -8.4793], [-75.6199, -8.4758], [-75.6223, -8.4765], [-75.6232, -8.4735], [-75.6278, -8.4708], [-75.628, -8.4652], [-75.6295, -8.465], [-75.6284, -8.46], [-75.6315, -8.4571], [-75.6364, -8.4563], [-75.6366, -8.454], [-75.6417, -8.4513], [-75.6421, -8.4489], [-75.6459, -8.445], [-75.6458, -8.4407], [-75.6473, -8.4395], [-75.6504, -8.4401], [-75.6513, -8.442], [-75.6527, -8.4411], [-75.653, -8.4435], [-75.6551, -8.4423], [-75.6561, -8.4459], [-75.6588, -8.444], [-75.6594, -8.4454], [-75.6623, -8.444], [-75.6651, -8.4459], [-75.666, -8.4405], [-75.6719, -8.4411], [-75.6741, -8.4428], [-75.6759, -8.4393], [-75.6831, -8.4403], [-75.6887, -8.4384], [-75.6923, -8.435], [-75.694, -8.4302]]]]}}, {"type": "Feature", "properties": {"NAME_1": "Ucayali", "NAME_2": "PadreAbad", "NAME_3": "Irazola", "GID_3": "PER.26.3.2_1"}, "geometry": {"type": "MultiPolygon", "coordinates": [[[[-75.2778, -9.3071], [-75.2804, -9.3066], [-75.2835, -9.3107], [-75.2887, -9.3126], [-75.3112, -9.3013], [-75.3232, -9.2975], [-75.3284, -9.2973], [-75.3312, -9.298], [-75.3312, -9.3017], [-75.3351, -9.3045], [-75.3437, -9.3027], [-75.3569, -9.3072], [-75.3641, -9.3061], [-75.3723, -9.3089], [-75.3809, -9.3056], [-75.3928, -9.2952], [-75.4088, -9.2953], [-75.4187, -9.293], [-75.434, -9.2963], [-75.4445, -9.2962], [-75.4472, -9.2946], [-75.4526, -9.2958], [-75.455, -9.2912], [-75.4538, -9.2845], [-75.4556, -9.2796], [-75.4556, -9.2651], [-75.4541, -9.2609], [-75.4487, -9.2559], [-75.4459, -9.2494], [-75.4427, -9.2468], [-75.4397, -9.247], [-75.4375, -9.2434], [-75.4375, -9.2385], [-75.4412, -9.2343], [-75.442, -9.2304], [-75.4396, -9.2281], [-75.4402, -9.2213], [-75.4375, -9.2097], [-75.4355, -9.2073], [-75.4321, -9.2065], [-75.43, -9.1969], [-75.4361, -9.1827], [-75.4362, -9.1666], [-75.4402, -9.1564], [-75.4381, -9.1536], [-75.4347, -9.1525], [-75.4423, -9.1392], [-75.4428, -9.1244], [-75.441, -9.1117], [-75.4361, -9.1082], [-75.4322, -9.0934], [-75.4325, -9.0874], [-75.4282, -9.0807], [-75.4275, -9.0627], [-75.4291, -9.0617], [-75.4326, -9.0636], [-75.4372, -9.0599], [-75.4319, -9.0467], [-75.434, -9.0335], [-75.4319, -9.0259], [-75.4334, -9.0195], [-75.4281, -9.0137], [-75.425, -9.0136], [-75.424, -9.0118], [-75.4247, -8.998], [-75.431, -8.984], [-75.4254, -8.9702], [-75.4268, -8.9618], [-75.4238, -8.9547], [-75.4254, -8.948], [-75.4233, -8.9435], [-75.4191, -8.9421], [-75.4151, -8.9361], [-75.4115, -8.9344], [-75.4082, -8.9186], [-75.3953, -8.9073], [-75.3929, -8.9019], [-75.39, -8.8993], [-75.3899, -8.8941], [-75.383, -8.8939], [-75.3781, -8.8903], [-75.3818, -8.8807], [-75.3811, -8.8755], [-75.3793, -8.8738], [-75.3793, -8.8692], [-75.3843, -8.861], [-75.3803, -8.8557], [-75.3708, -8.8532], [-75.3678, -8.8506], [-75.3671, -8.8396], [-75.3645, -8.8353], [-75.3646, -8.8316], [-75.3612, -8.8282], [-75.3587, -8.8158], [-75.3557, -8.8123], [-75.3577, -8.8074], [-75.3653, -8.8032], [-75.3638, -8.799], [-75.3649, -8.7887], [-75.3621, -8.7788], [-75.364, -8.7694], [-75.3551, -8.7537], [-75.3503, -8.7539], [-75.3419, -8.7583], [-75.3407, -8.7543], [-75.3364, -8.7514], [-75.3362, -8.7404], [-75.3341, -8.7356], [-75.3046, -8.7063], [-75.3045, -8.7011], [-75.2992, -8.6921], [-75.303, -8.6825], [-75.3042, -8.6719], [-75.2999, -8.6625], [-75.2979, -8.6624], [-75.2958, -8.6579], [-75.2981, -8.6442], [-75.2964, -8.6396], [-75.2868, -8.6389], [-75.2865, -8.6368], [-75.2816, -8.634], [-75.282, -8.6296], [-75.2798, -8.6279], [-75.276, -8.6299], [-75.2725, -8.6281], [-75.2656, -8.63], [-75.2615, -8.6282], [-75.2597, -8.6296], [-75.2505, -8.624], [-75.2489, -8.6138], [-75.2469, -8.6132], [-75.2454, -8.6083], [-75.2503, -8.6052], [-75.2486, -8.604], [-75.2497, -8.6021], [-75.248, -8.6006], [-75.2482, -8.596], [-75.2432, -8.5939], [-75.2452, -8.5932], [-75.244, -8.5902], [-75.2461, -8.5883], [-75.2442, -8.5854], [-75.2417, -8.5844], [-75.2405, -8.582], [-75.2373, -8.5817], [-75.2371, -8.5785], [-75.2321, -8.5774], [-75.2297, -8.5749], [-75.2277, -8.5762], [-75.2236, -8.5734], [-75.2205, -8.5736], [-75.2178, -8.57], [-75.2141, -8.5721], [-75.2131, -8.5678], [-75.2095, -8.5687], [-75.209, -8.5625], [-75.2047, -8.5611], [-75.2002, -8.5626], [-75.1975, -8.5581], [-75.1921, -8.5587], [-75.1909, -8.5553], [-75.1869, -8.5536], [-75.1795, -8.5545], [-75.1784, -8.551], [-75.1762, -8.5499], [-75.1755, -8.5403], [-75.1662, -8.5427], [-75.1627, -8.5416], [-75.162, -8.5386], [-75.1593, -8.5363], [-75.1529, -8.5382], [-75.1456, -8.5346], [-75.1376, -8.5362], [-75.133, -8.5291], [-75.1129, -8.5216], [-75.1014, -8.5126], [-75.0956, -8.5144], [-75.0755, -8.5104], [-75.0699, -8.5135], [-75.059, -8.5086], [-75.0454, -8.5078], [-75.0411, -8.5022], [-75.0418, -8.4995], [-75.0404, -8.4992], [-75.0403, -8.4955], [-75.0428, -8.4936], [-75.0394, -8.489], [-75.04, -8.4879], [-75.0354, -8.4843], [-75.0356, -8.4829], [-75.0336, -8.4832], [-75.0333, -8.4815], [-75.0314, -8.4813], [-75.0282, -8.4739], [-75.0258, -8.4733], [-75.0275, -8.4701], [-75.0189, -8.4637], [-75.0235, -8.461], [-75.023, -8.4588], [-75.0243, -8.4584], [-75.0216, -8.4536], [-75.0218, -8.4493], [-75.0202, -8.4485], [-75.0203, -8.4434], [-75.0189, -8.4432], [-75.0196, -8.4458], [-75.0163, -8.4459], [-75.0179, -8.4492], [-75.0136, -8.4504], [-75.0132, -8.4542], [-75.0171, -8.4535], [-75.0182, -8.4547], [-75.015, -8.4557], [-75.0169, -8.457], [-75.0146, -8.4575], [-75.0141, -8.4599], [-75.0121, -8.4588], [-75.0116, -8.4626], [-75.0091, -8.4619], [-75.011, -8.4651], [-75.0095, -8.4707], [-75.0112, -8.4707], [-75.012, -8.474], [-75.0047, -8.4784], [-75.006, -8.4805], [-75.0033, -8.4842], [-75.0037, -8.4929], [-74.9996, -8.5002], [-75.0011, -8.501], [-74.9976, -8.5027], [-74.9989, -8.5048], [-74.9973, -8.507], [-74.9942, -8.5061], [-74.9927, -8.5084], [-74.9901, -8.5089], [-74.99, -8.5107], [-74.9879, -8.5108], [-74.9866, -8.5134], [-74.9881, -8.5193], [-74.9851, -8.5188], [-74.9822, -8.5202], [-74.9839, -8.5216], [-74.9829, -8.5225], [-74.9769, -8.5231], [-74.9785, -8.5293], [-74.9744, -8.5346], [-74.9701, -8.5344], [-74.968, -8.5391], [-74.9684, -8.5437], [-74.9717, -8.5455], [-74.9699, -8.5529], [-74.9728, -8.5527], [-74.9742, -8.5574], [-74.9722, -8.5582], [-74.9725, -8.5603], [-74.9745, -8.5615], [-74.971, -8.5658], [-74.971, -8.5679], [-74.969, -8.5687], [-74.9703, -8.5734], [-74.9689, -8.573], [-74.9682, -8.5745], [-74.9704, -8.5769], [-74.9674, -8.5782], [-74.969, -8.5795], [-74.9677, -8.5813], [-74.9697, -8.5824], [-74.9665, -8.5842], [-74.9684, -8.5864], [-74.9655, -8.5873], [-74.9674, -8.5882], [-74.9663, -8.5909], [-74.9691, -8.5939], [-74.9686, -8.597], [-74.9705, -8.5969], [-74.9703, -8.6018], [-74.9722, -8.6019], [-74.9743, -8.6044], [-74.9763, -8.6036], [-74.9777, -8.6089], [-74.9813, -8.6077], [-74.982, -8.609], [-74.9804, -8.6104], [-74.9834, -8.6102], [-74.9829, -8.6117], [-74.9857, -8.6125], [-74.9878, -8.6166], [-74.9859, -8.6188], [-74.9877, -8.6194], [-74.9872, -8.6224], [-74.9895, -8.6231], [-74.9879, -8.6234], [-74.9888, -8.6268], [-74.9867, -8.6298], [-74.9914, -8.6308], [-74.989, -8.6341], [-74.9914, -8.6358], [-74.9885, -8.6374], [-74.9919, -8.6379], [-74.9905, -8.6414], [-74.9932, -8.6438], [-74.9914, -8.6484], [-74.9929, -8.6514], [-74.9951, -8.6539], [-74.998, -8.6539], [-74.9955, -8.658], [-74.9971, -8.6589], [-74.9978, -8.6567], [-74.9988, -8.658], [-74.9984, -8.6607], [-74.9959, -8.661], [-74.9954, -8.6645], [-74.9972, -8.6662], [-75.0, -8.6658], [-75.0018, -8.67], [-75.0002, -8.6798], [-75.0022, -8.6822], [-75.0006, -8.6845], [-75.0004, -8.6937], [-75.0022, -8.695], [-75.0019, -8.6978], [-75.0039, -8.701], [-75.0034, -8.7049], [-75.0074, -8.7079], [-75.0058, -8.7096], [-75.0064, -8.711], [-75.0104, -8.7097], [-75.0147, -8.7117], [-75.0152, -8.7137], [-75.0166, -8.7128], [-75.0196, -8.7146], [-75.0175, -8.7169], [-75.0197, -8.7193], [-75.0185, -8.7224], [-75.0211, -8.7282], [-75.0192, -8.7312], [-75.0218, -8.7389], [-75.0201, -8.7405], [-75.0225, -8.7432], [-75.0203, -8.7457], [-75.0207, -8.7514], [-75.0188, -8.7545], [-75.0213, -8.7599], [-75.02, -8.7619], [-75.0214, -8.7648], [-75.0175, -8.7702], [-75.017, -8.7784], [-75.0117, -8.7856], [-75.0117, -8.7948], [-75.0096, -8.8036], [-75.012, -8.8108], [-75.0095, -8.816], [-75.0057, -8.8161], [-75.0028, -8.8197], [-75.0019, -8.8405], [-75.0032, -8.8439], [-75.0017, -8.8522], [-75.0031, -8.8701], [-75.0, -8.8707], [-74.9993, -8.8772], [-74.997, -8.8809], [-74.9831, -8.8904], [-74.9772, -8.8971], [-74.9748, -8.9037], [-74.971, -8.9053], [-74.9708, -8.9095], [-74.9665, -8.916], [-74.965, -8.9229], [-74.963, -8.9232], [-74.962, -8.9257], [-74.9631, -8.9381], [-74.9733, -8.9447], [-74.9766, -8.9499], [-74.9843, -8.9491], [-74.9907, -8.9348], [-75.0119, -8.914], [-75.0227, -8.9121], [-75.0434, -8.9029], [-75.0485, -8.9023], [-75.0575, -8.9047], [-75.07, -8.9129], [-75.0779, -8.915], [-75.0916, -8.9248], [-75.0996, -8.9251], [-75.1109, -8.9357], [-75.1163, -8.943], [-75.126, -8.9484], [-75.1261, -8.9559], [-75.1319, -8.9651], [-75.143, -8.9726], [-75.1428, -8.9777], [-75.1399, -8.9844], [-75.1493, -9.0002], [-75.1487, -9.0066], [-75.1443, -9.0132], [-75.1422, -9.0235], [-75.1489, -9.0346], [-75.1489, -9.0386], [-75.1505, -9.0404], [-75.1484, -9.0428], [-75.1485, -9.052], [-75.154, -9.0613], [-75.1552, -9.0668], [-75.1598, -9.0675], [-75.1612, -9.0697], [-75.1585, -9.0812], [-75.1669, -9.1063], [-75.1769, -9.114], [-75.1838, -9.1163], [-75.1854, -9.13], [-75.1879, -9.1335], [-75.1988, -9.132], [-75.2048, -9.1379], [-75.209, -9.1374], [-75.2123, -9.1427], [-75.2121, -9.1458], [-75.2075, -9.153], [-75.2088, -9.1582], [-75.2061, -9.1652], [-75.2095, -9.172], [-75.2093, -9.1842], [-75.204, -9.2082], [-75.2074, -9.2333], [-75.2238, -9.242], [-75.2351, -9.2509], [-75.2437, -9.2621], [-75.2588, -9.2676], [-75.2567, -9.2741], [-75.2599, -9.28], [-75.2578, -9.2867], [-75.2687, -9.3016], [-75.2778, -9.3071]]]]}}, {"type": "Feature", "properties": {"NAME_1": "Ucayali", "NAME_2": "PadreAbad", "NAME_3": "PadreAbad", "GID_3": "PER.26.3.3_1"}, "geometry": {"type": "MultiPolygon", "coordinates": [[[[-75.6121, -9.4123], [-75.6345, -9.409], [-75.6433, -9.4035], [-75.6531, -9.3945], [-75.6589, -9.3837], [-75.6653, -9.3611], [-75.6776, -9.3487], [-75.6841, -9.3325], [-75.6952, -9.3155], [-75.7015, -9.2968], [-75.7097, -9.2806], [-75.7148, -9.2726], [-75.7283, -9.2607], [-75.7314, -9.256], [-75.7317, -9.2399], [-75.7387, -9.2235], [-75.7554, -9.2055], [-75.7666, -9.2008], [-75.7781, -9.1998], [-75.7798, -9.1979], [-75.7868, -9.1759], [-75.7952, -9.1701], [-75.8062, -9.1447], [-75.8091, -9.1344], [-75.8097, -9.1198], [-75.8144, -9.1058], [-75.8181, -9.101], [-75.8304, -9.0936], [-75.8375, -9.0839], [-75.8389, -9.0663], [-75.8434, -9.0539], [-75.848, -9.0487], [-75.8571, -9.0425], [-75.8624, -9.0358], [-75.8693, -9.0312], [-75.8789, -9.018], [-75.8815, -9.0081], [-75.8851, -8.9854], [-75.8854, -8.9715], [-75.8895, -8.9584], [-75.889, -8.9498], [-75.8919, -8.9372], [-75.8961, -8.9273], [-75.911, -8.9082], [-75.9079, -8.8941], [-75.9102, -8.889], [-75.91, -8.8811], [-75.9169, -8.8748], [-75.9204, -8.8689], [-75.9226, -8.8558], [-75.9271, -8.8453], [-75.9264, -8.8361], [-75.929, -8.8249], [-75.9286, -8.8084], [-75.9219, -8.7872], [-75.9235, -8.7753], [-75.9284, -8.7696], [-75.9311, -8.7602], [-75.9359, -8.7544], [-75.9423, -8.7332], [-75.9512, -8.7275], [-75.9551, -8.7208], [-75.9521, -8.7072], [-75.9535, -8.6994], [-75.9415, -8.6974], [-75.9364, -8.6924], [-75.9261, -8.6896], [-75.9135, -8.6818], [-75.9032, -8.6797], [-75.8885, -8.659], [-75.8752, -8.6552], [-75.8687, -8.655], [-75.8623, -8.6502], [-75.854, -8.6484], [-75.847, -8.6399], [-75.8445, -8.6389], [-75.8325, -8.6452], [-75.8188, -8.6411], [-75.8179, -8.6365], [-75.8202, -8.625], [-75.8193, -8.6213], [-75.8113, -8.6094], [-75.8017, -8.6017], [-75.7954, -8.5909], [-75.7891, -8.5622], [-75.7845, -8.5576], [-75.7784, -8.5451], [-75.7794, -8.5328], [-75.7839, -8.52], [-75.7876, -8.5167], [-75.792, -8.5157], [-75.7936, -8.5109], [-75.7851, -8.5053], [-75.7796, -8.4987], [-75.7691, -8.4984], [-75.7605, -8.494], [-75.7536, -8.4957], [-75.7419, -8.4943], [-75.7352, -8.4893], [-75.7272, -8.4894], [-75.716, -8.4858], [-75.717, -8.4765], [-75.7148, -8.4722], [-75.7149, -8.4676], [-75.694, -8.4302], [-75.6923, -8.435], [-75.6887, -8.4384], [-75.6831, -8.4403], [-75.6759, -8.4393], [-75.6741, -8.4428], [-75.6719, -8.4411], [-75.666, -8.4405], [-75.6651, -8.4459], [-75.6623, -8.444], [-75.6594, -8.4454], [-75.6588, -8.444], [-75.6561, -8.4459], [-75.6551, -8.4423], [-75.653, -8.4435], [-75.6527, -8.4411], [-75.6513, -8.442], [-75.6504, -8.4401], [-75.6473, -8.4395], [-75.6458, -8.4407], [-75.6459, -8.445], [-75.6421, -8.4489], [-75.6417, -8.4513], [-75.6366, -8.454], [-75.6364, -8.4563], [-75.6315, -8.4571], [-75.6284, -8.46], [-75.6295, -8.465], [-75.628, -8.4652], [-75.6278, -8.4708], [-75.6232, -8.4735], [-75.6223, -8.4765], [-75.6199, -8.4758], [-75.618, -8.4793], [-75.613, -8.4784], [-75.6126, -8.481], [-75.6099, -8.4796], [-75.6073, -8.4851], [-75.605, -8.4838], [-75.6027, -8.4858], [-75.601, -8.4825], [-75.5988, -8.4817], [-75.5989, -8.4862], [-75.5907, -8.4917], [-75.5876, -8.4886], [-75.5878, -8.4857], [-75.5856, -8.4855], [-75.5866, -8.4837], [-75.5807, -8.4846], [-75.578, -8.4873], [-75.576, -8.483], [-75.5736, -8.4834], [-75.5721, -8.4892], [-75.5693, -8.4883], [-75.5676, -8.4922], [-75.5661, -8.4909], [-75.565, -8.4922], [-75.5669, -8.497], [-75.5625, -8.4954], [-75.5585, -8.4989], [-75.5553, -8.505], [-75.5571, -8.5106], [-75.5515, -8.5127], [-75.5462, -8.51], [-75.5433, -8.5193], [-75.5406, -8.5193], [-75.538, -8.5164], [-75.539, -8.5092], [-75.5341, -8.5086], [-75.5347, -8.5175], [-75.5396, -8.5269], [-75.5376, -8.5285], [-75.5345, -8.5279], [-75.5281, -8.5203], [-75.5201, -8.5228], [-75.5149, -8.5433], [-75.516, -8.5467], [-75.5214, -8.5522], [-75.5207, -8.5554], [-75.516, -8.5572], [-75.5083, -8.556], [-75.5036, -8.5513], [-75.4999, -8.5527], [-75.4987, -8.5591], [-75.4882, -8.5687], [-75.4909, -8.5724], [-75.4903, -8.5742], [-75.4818, -8.5731], [-75.4834, -8.5795], [-75.4802, -8.5843], [-75.4737, -8.5828], [-75.4732, -8.5766], [-75.4694, -8.5774], [-75.4666, -8.5754], [-75.4651, -8.5694], [-75.4622, -8.5667], [-75.4636, -8.5631], [-75.4567, -8.5633], [-75.4595, -8.5593], [-75.4656, -8.5598], [-75.4658, -8.5558], [-75.4629, -8.5555], [-75.4606, -8.5581], [-75.4548, -8.5598], [-75.4491, -8.5585], [-75.4463, -8.5667], [-75.4398, -8.5597], [-75.4385, -8.5606], [-75.4386, -8.5648], [-75.4367, -8.5661], [-75.4332, -8.5605], [-75.4298, -8.5602], [-75.4278, -8.5674], [-75.4219, -8.5646], [-75.4198, -8.5656], [-75.421, -8.572], [-75.4185, -8.5763], [-75.4236, -8.5769], [-75.4259, -8.5823], [-75.4254, -8.5848], [-75.4206, -8.5851], [-75.4148, -8.5827], [-75.4088, -8.5834], [-75.4084, -8.5808], [-75.4123, -8.5734], [-75.4108, -8.5682], [-75.4077, -8.5673], [-75.4054, -8.5711], [-75.4047, -8.5772], [-75.4004, -8.5818], [-75.4007, -8.5901], [-75.3926, -8.5906], [-75.3874, -8.5938], [-75.3881, -8.6034], [-75.386, -8.61], [-75.3845, -8.6101], [-75.3827, -8.6076], [-75.3819, -8.5964], [-75.386, -8.5784], [-75.3805, -8.5868], [-75.3743, -8.5902], [-75.3708, -8.5885], [-75.3668, -8.59], [-75.3621, -8.5963], [-75.3575, -8.5986], [-75.3559, -8.6019], [-75.3494, -8.6047], [-75.3462, -8.6085], [-75.3418, -8.6073], [-75.3403, -8.609], [-75.3405, -8.6123], [-75.3375, -8.612], [-75.3361, -8.6095], [-75.3313, -8.6088], [-75.3323, -8.604], [-75.3304, -8.6005], [-75.3257, -8.6014], [-75.3139, -8.6131], [-75.3117, -8.6177], [-75.3057, -8.622], [-75.3029, -8.6269], [-75.3028, -8.6306], [-75.2964, -8.6396], [-75.2981, -8.6442], [-75.2958, -8.6579], [-75.2979, -8.6624], [-75.2999, -8.6625], [-75.3042, -8.6719], [-75.303, -8.6825], [-75.2992, -8.6921], [-75.3045, -8.7011], [-75.3046, -8.7063], [-75.3341, -8.7356], [-75.3362, -8.7404], [-75.3364, -8.7514], [-75.3407, -8.7543], [-75.3419, -8.7583], [-75.3503, -8.7539], [-75.3551, -8.7537], [-75.364, -8.7694], [-75.3621, -8.7788], [-75.3649, -8.7887], [-75.3638, -8.799], [-75.3653, -8.8032], [-75.3577, -8.8074], [-75.3557, -8.8123], [-75.3587, -8.8158], [-75.3612, -8.8282], [-75.3646, -8.8316], [-75.3645, -8.8353], [-75.3671, -8.8396], [-75.3678, -8.8506], [-75.3708, -8.8532], [-75.3803, -8.8557], [-75.3843, -8.861], [-75.3793, -8.8692], [-75.3793, -8.8738], [-75.3811, -8.8755], [-75.3818, -8.8807], [-75.3781, -8.8903], [-75.383, -8.8939], [-75.3899, -8.8941], [-75.39, -8.8993], [-75.3929, -8.9019], [-75.3953, -8.9073], [-75.4082, -8.9186], [-75.4115, -8.9344], [-75.4151, -8.9361], [-75.4191, -8.9421], [-75.4233, -8.9435], [-75.4254, -8.948], [-75.4238, -8.9547], [-75.4268, -8.9618], [-75.4254, -8.9702], [-75.431, -8.984], [-75.4247, -8.998], [-75.424, -9.0118], [-75.425, -9.0136], [-75.4281, -9.0137], [-75.4334, -9.0195], [-75.4319, -9.0259], [-75.434, -9.0335], [-75.4319, -9.0467], [-75.4372, -9.0599], [-75.4326, -9.0636], [-75.4291, -9.0617], [-75.4275, -9.0627], [-75.4282, -9.0807], [-75.4325, -9.0874], [-75.4322, -9.0934], [-75.4361, -9.1082], [-75.441, -9.1117], [-75.4428, -9.1244], [-75.4423, -9.1392], [-75.4347, -9.1525], [-75.4381, -9.1536], [-75.4402, -9.1564], [-75.4362, -9.1666], [-75.4361, -9.1827], [-75.43, -9.1969], [-75.4321, -9.2065], [-75.4355, -9.2073], [-75.4375, -9.2097], [-75.4402, -9.2213], [-75.4396, -9.2281], [-75.442, -9.2304], [-75.4412, -9.2343], [-75.4375, -9.2385], [-75.4375, -9.2434], [-75.4397, -9.247], [-75.4427, -9.2468], [-75.4459, -9.2494], [-75.4487, -9.2559], [-75.4541, -9.2609], [-75.4556, -9.2651], [-75.4556, -9.2796], [-75.4538, -9.2845], [-75.4554, -9.2902], [-75.4523, -9.2981], [-75.4541, -9.3023], [-75.4534, -9.3056], [-75.4566, -9.311], [-75.4559, -9.3252], [-75.4762, -9.3516], [-75.4839, -9.3684], [-75.4905, -9.3746], [-75.569, -9.4053], [-75.587, -9.41], [-75.6121, -9.4123]]]]}}, {"type": "Feature", "properties": {"NAME_1": "Ucayali", "NAME_2": "Pur\u00fas", "NAME_3": "Purus", "GID_3": "PER.26.4.1_1"}, "geometry": {"type": "MultiPolygon", "coordinates": [[[[-72.1803, -10.0002], [-71.3759, -10.0007], [-71.3604, -9.9832], [-71.3582, -9.983], [-71.3544, -9.9865], [-71.3502, -9.9846], [-71.3516, -9.977], [-71.3487, -9.9718], [-71.3432, -9.9667], [-71.3408, -9.9667], [-71.3386, -9.9693], [-71.3304, -9.9733], [-71.3226, -9.9856], [-71.3162, -9.9855], [-71.3121, -9.9918], [-71.3072, -9.9879], [-71.2982, -9.9916], [-71.2914, -9.9815], [-71.2865, -9.9859], [-71.2809, -9.9848], [-71.2728, -9.9784], [-71.2684, -9.9772], [-71.2625, -9.9797], [-71.258, -9.9788], [-71.2512, -9.9734], [-71.2508, -9.9694], [-71.254, -9.9648], [-71.2528, -9.9629], [-71.2504, -9.9637], [-71.2468, -9.9621], [-71.2415, -9.9667], [-71.2365, -9.9645], [-71.2323, -9.9652], [-71.2216, -9.9702], [-71.2093, -9.965], [-71.2101, -9.9531], [-71.2045, -9.9458], [-71.199, -9.9424], [-71.1945, -9.943], [-71.1925, -9.9417], [-71.192, -9.9317], [-71.1889, -9.9257], [-71.1896, -9.921], [-71.1875, -9.9196], [-71.185, -9.921], [-71.1784, -9.9182], [-71.1798, -9.908], [-71.1731, -9.9016], [-71.1714, -9.8902], [-71.1678, -9.8893], [-71.1624, -9.8842], [-71.1575, -9.8717], [-71.1476, -9.8692], [-71.1403, -9.8572], [-71.1344, -9.8536], [-71.1214, -9.8519], [-71.1173, -9.8533], [-71.1136, -9.8525], [-71.11, -9.8547], [-71.1066, -9.8529], [-71.1032, -9.8532], [-71.1013, -9.8479], [-71.0953, -9.8453], [-71.0913, -9.841], [-71.0854, -9.8402], [-71.0776, -9.8282], [-71.0598, -9.8253], [-71.0575, -9.8236], [-71.0568, -9.82], [-71.052, -9.8159], [-71.0445, -9.8192], [-71.0369, -9.8174], [-71.0322, -9.8141], [-71.0236, -9.8187], [-71.0195, -9.8161], [-71.0151, -9.8176], [-71.0102, -9.8159], [-70.9995, -9.8183], [-70.9943, -9.8171], [-70.9918, -9.8111], [-70.9948, -9.805], [-70.9918, -9.7995], [-70.9928, -9.795], [-70.9905, -9.7906], [-70.9865, -9.7889], [-70.9865, -9.7857], [-70.9813, -9.7782], [-70.9823, -9.7763], [-70.9806, -9.7707], [-70.9752, -9.7636], [-70.9739, -9.7595], [-70.9695, -9.7585], [-70.9712, -9.7559], [-70.9659, -9.7554], [-70.9638, -9.7486], [-70.9616, -9.7528], [-70.9534, -9.742], [-70.9503, -9.7453], [-70.9495, -9.7422], [-70.9444, -9.742], [-70.9391, -9.7441], [-70.9343, -9.7412], [-70.9239, -9.7408], [-70.923, -9.7394], [-70.9243, -9.7382], [-70.9212, -9.7376], [-70.9178, -9.7313], [-70.9143, -9.7288], [-70.9143, -9.7263], [-70.9119, -9.7252], [-70.9118, -9.7272], [-70.909, -9.7239], [-70.9089, -9.7212], [-70.9064, -9.7206], [-70.9041, -9.7142], [-70.9006, -9.713], [-70.8984, -9.7139], [-70.8966, -9.7088], [-70.8981, -9.7073], [-70.8975, -9.7034], [-70.8929, -9.6994], [-70.8887, -9.6894], [-70.8805, -9.6879], [-70.8801, -9.6807], [-70.8771, -9.6801], [-70.8758, -9.6752], [-70.8719, -9.6741], [-70.8712, -9.6707], [-70.868, -9.6697], [-70.871, -9.6686], [-70.8693, -9.6652], [-70.8661, -9.6654], [-70.8531, -9.6551], [-70.8484, -9.6555], [-70.847, -9.6578], [-70.8434, -9.6555], [-70.8392, -9.6566], [-70.8359, -9.6465], [-70.8362, -9.643], [-70.833, -9.6464], [-70.8299, -9.6466], [-70.829, -9.6429], [-70.8243, -9.6447], [-70.8218, -9.6421], [-70.8179, -9.6445], [-70.8183, -9.6412], [-70.815, -9.643], [-70.8144, -9.6402], [-70.8123, -9.6395], [-70.8054, -9.6437], [-70.8023, -9.6412], [-70.8, -9.642], [-70.7972, -9.6375], [-70.7937, -9.6388], [-70.794, -9.6343], [-70.7905, -9.6304], [-70.793, -9.6288], [-70.793, -9.6271], [-70.7877, -9.6227], [-70.7853, -9.6229], [-70.7857, -9.6211], [-70.7889, -9.62], [-70.7866, -9.6178], [-70.7867, -9.614], [-70.7824, -9.6119], [-70.7806, -9.6127], [-70.7797, -9.6097], [-70.7752, -9.6114], [-70.7746, -9.6079], [-70.7725, -9.6064], [-70.7662, -9.6069], [-70.7678, -9.6006], [-70.7605, -9.6052], [-70.7574, -9.6045], [-70.7593, -9.6023], [-70.757, -9.6], [-70.7556, -9.595], [-70.7587, -9.5878], [-70.7572, -9.5852], [-70.7597, -9.584], [-70.7563, -9.5829], [-70.7587, -9.5792], [-70.7542, -9.5794], [-70.7559, -9.5759], [-70.7499, -9.5693], [-70.7526, -9.5684], [-70.755, -9.5702], [-70.7559, -9.5692], [-70.7518, -9.5651], [-70.751, -9.5602], [-70.747, -9.563], [-70.7434, -9.5618], [-70.7431, -9.5589], [-70.7416, -9.5605], [-70.7383, -9.559], [-70.7362, -9.5638], [-70.7301, -9.5664], [-70.73, -9.5701], [-70.7229, -9.5637], [-70.7243, -9.5609], [-70.7226, -9.5585], [-70.7264, -9.557], [-70.7215, -9.5567], [-70.7209, -9.5543], [-70.718, -9.5546], [-70.7145, -9.5472], [-70.7106, -9.548], [-70.7046, -9.5436], [-70.7025, -9.5462], [-70.6999, -9.5413], [-70.6929, -9.54], [-70.6928, -9.5355], [-70.6879, -9.5366], [-70.6885, -9.5342], [-70.6867, -9.5328], [-70.6791, -9.5344], [-70.6786, -9.5327], [-70.6811, -9.5327], [-70.6813, -9.5313], [-70.6747, -9.53], [-70.674, -9.528], [-70.6725, -9.5287], [-70.6721, -9.5267], [-70.6658, -9.522], [-70.6653, -9.5192], [-70.6637, -9.5199], [-70.6647, -9.5251], [-70.6634, -9.5263], [-70.663, -9.5232], [-70.6606, -9.5214], [-70.6586, -9.5167], [-70.6535, -9.519], [-70.6533, -9.5176], [-70.6572, -9.5147], [-70.6545, -9.5113], [-70.6532, -9.5146], [-70.6505, -9.5123], [-70.6501, -9.5051], [-70.6522, -9.5004], [-70.6499, -9.5011], [-70.649, -9.4984], [-70.6429, -9.5006], [-70.6425, -9.4993], [-70.6467, -9.4973], [-70.6431, -9.495], [-70.6374, -9.5018], [-70.6361, -9.5014], [-70.6368, -9.4955], [-70.6329, -9.495], [-70.6312, -9.4928], [-70.6351, -9.4904], [-70.6372, -9.4859], [-70.6325, -9.4847], [-70.6322, -9.479], [-70.6258, -9.4773], [-70.6236, -9.4695], [-70.6215, -9.4694], [-70.6167, -9.4751], [-70.6181, -9.4701], [-70.6128, -9.4672], [-70.614, -9.4634], [-70.6119, -9.4564], [-70.6076, -9.4588], [-70.6055, -9.4566], [-70.603, -9.4592], [-70.6001, -9.4579], [-70.5981, -9.4599], [-70.5964, -9.4577], [-70.5989, -9.456], [-70.5966, -9.4534], [-70.5984, -9.4518], [-70.5981, -9.4479], [-70.5959, -9.4491], [-70.5947, -9.4481], [-70.5975, -9.4453], [-70.5973, -9.4423], [-70.5917, -9.4401], [-70.5884, -9.4431], [-70.5904, -9.4452], [-70.5893, -9.4461], [-70.5807, -9.4387], [-70.5777, -9.4388], [-70.5746, -9.4347], [-70.5709, -9.4391], [-70.5714, -9.433], [-70.5678, -9.4342], [-70.5665, -9.4313], [-70.5654, -9.4337], [-70.562, -9.4291], [-70.5598, -9.4349], [-70.5556, -9.4324], [-70.5502, -9.4348], [-70.5481, -9.4274], [-70.5465, -9.4268], [-70.5433, -9.4311], [-70.5383, -9.4328], [-70.5391, -9.4376], [-70.5265, -9.4277], [-70.5253, -9.4301], [-70.5289, -9.4342], [-70.5264, -9.4372], [-70.5256, -9.4349], [-70.5203, -9.4331], [-70.5217, -9.4291], [-70.5159, -9.4274], [-70.5106, -9.4235], [-70.5067, -9.4226], [-70.5072, -9.4256], [-70.5044, -9.423], [-70.5032, -9.4271], [-70.4971, -9.4239], [-70.4958, -9.4254], [-70.4945, -9.43], [-70.4967, -9.4409], [-70.5012, -9.444], [-70.5118, -9.4471], [-70.5118, -9.4501], [-70.5055, -9.4598], [-70.5057, -9.4631], [-70.5144, -9.4653], [-70.5153, -9.4592], [-70.518, -9.4573], [-70.523, -9.4575], [-70.5252, -9.4598], [-70.5225, -9.4661], [-70.5216, -9.475], [-70.5046, -9.4945], [-70.5058, -9.5046], [-70.5082, -9.5056], [-70.5099, -9.5038], [-70.511, -9.4936], [-70.5149, -9.4927], [-70.5177, -9.4955], [-70.5181, -9.5012], [-70.5218, -9.5054], [-70.524, -9.506], [-70.5285, -9.5023], [-70.5315, -9.5037], [-70.5319, -9.5072], [-70.53, -9.5115], [-70.5318, -9.5161], [-70.5354, -9.5167], [-70.5417, -9.5133], [-70.545, -9.5144], [-70.5478, -9.5199], [-70.5473, -9.5262], [-70.5462, -9.5277], [-70.5402, -9.5288], [-70.5388, -9.532], [-70.5397, -9.5355], [-70.5429, -9.5383], [-70.5545, -9.5396], [-70.5644, -9.5309], [-70.5676, -9.5309], [-70.5713, -9.5338], [-70.5643, -9.5412], [-70.5688, -9.5488], [-70.5692, -9.5546], [-70.566, -9.558], [-70.5605, -9.5581], [-70.5563, -9.5613], [-70.5539, -9.5678], [-70.5559, -9.5731], [-70.5588, -9.5749], [-70.5672, -9.5728], [-70.5759, -9.5639], [-70.5843, -9.568], [-70.5883, -9.5669], [-70.5888, -9.563], [-70.5851, -9.5555], [-70.5872, -9.5501], [-70.5902, -9.5487], [-70.5946, -9.5496], [-70.5973, -9.5522], [-70.6008, -9.5624], [-70.5863, -9.5742], [-70.5874, -9.5851], [-70.5914, -9.5865], [-70.5867, -9.5871], [-70.5856, -9.5899], [-70.5882, -9.5941], [-70.588, -9.5975], [-70.5901, -9.6016], [-70.5941, -9.6034], [-70.5943, -9.605], [-70.5963, -9.6044], [-70.5983, -9.6074], [-70.5967, -9.6125], [-70.5927, -9.6155], [-70.5932, -9.6224], [-70.5913, -9.6221], [-70.5911, -9.6263], [-70.5874, -9.6303], [-70.5881, -9.6325], [-70.5838, -9.6368], [-70.5852, -9.6403], [-70.5799, -9.6433], [-70.5772, -9.6502], [-70.5749, -9.6495], [-70.5744, -9.6564], [-70.5672, -9.6651], [-70.5669, -9.6674], [-70.5638, -9.6692], [-70.5614, -9.6668], [-70.56, -9.6682], [-70.5535, -9.6682], [-70.5516, -9.6694], [-70.5485, -9.679], [-70.5465, -9.6783], [-70.5429, -9.6802], [-70.5377, -9.6931], [-70.5381, -9.6953], [-70.534, -9.7015], [-70.5345, -9.7061], [-70.5321, -9.7069], [-70.5312, -9.7131], [-70.5287, -9.7123], [-70.5257, -9.7148], [-70.5297, -9.7177], [-70.5278, -9.7204], [-70.5281, -9.7256], [-70.5354, -9.7347], [-70.5329, -9.7378], [-70.5344, -9.7433], [-70.5331, -9.7454], [-70.5398, -9.7506], [-70.5398, -9.7553], [-70.5367, -9.761], [-70.537, -9.7656], [-70.5457, -9.7749], [-70.5463, -9.7785], [-70.5598, -9.7895], [-70.5626, -9.789], [-70.5703, -9.7843], [-70.5756, -9.7788], [-70.5786, -9.7781], [-70.587, -9.7854], [-70.5864, -9.7933], [-70.5899, -9.796], [-70.5918, -9.8027], [-70.6022, -9.8001], [-70.6092, -9.8012], [-70.613, -9.8052], [-70.6194, -9.8197], [-70.6301, -9.824], [-70.6267, -9.8337], [-70.6267, -9.8798], [-70.6351, -9.8829], [-70.6399, -9.8876], [-70.6415, -9.8967], [-70.6475, -9.9068], [-70.6496, -9.9169], [-70.6553, -9.9256], [-70.6556, -9.9304], [-70.6523, -9.9431], [-70.6529, -9.948], [-70.6559, -9.954], [-70.6683, -9.9629], [-70.6734, -9.9695], [-70.6959, -9.979], [-70.7266, -10.0003], [-70.809, -10.0707], [-70.8178, -10.0798], [-70.8235, -10.0887], [-70.8386, -10.1224], [-70.8502, -10.1662], [-70.8521, -10.2419], [-70.856, -10.2835], [-70.8675, -10.3123], [-70.8914, -10.3526], [-70.9085, -10.3696], [-70.9653, -10.4085], [-70.9792, -10.426], [-71.0082, -10.4519], [-71.0452, -10.4771], [-71.0608, -10.492], [-71.0799, -10.5064], [-71.1118, -10.5236], [-71.1273, -10.5352], [-71.1567, -10.568], [-71.1689, -10.5844], [-71.1918, -10.6221], [-71.2132, -10.6471], [-71.2274, -10.6746], [-71.2322, -10.6899], [-71.2355, -10.7155], [-71.2396, -10.793], [-71.2499, -10.8263], [-71.2599, -10.8465], [-71.314, -10.9258], [-71.3369, -10.951], [-71.3524, -10.9622], [-71.361, -10.9661], [-71.3783, -10.9679], [-71.4214, -10.9674], [-71.4465, -10.9708], [-71.4864, -10.9791], [-71.5224, -10.9839], [-71.5849, -10.9892], [-71.6162, -10.9894], [-71.656, -10.9841], [-71.6819, -10.9856], [-71.7492, -10.9941], [-71.8029, -10.9986], [-71.819, -10.993], [-71.8309, -10.9866], [-71.8408, -10.9788], [-71.846, -10.9715], [-71.8572, -10.9616], [-71.8826, -10.9515], [-71.9097, -10.9538], [-71.9246, -10.9465], [-71.9292, -10.9458], [-71.9439, -10.9499], [-71.9705, -10.9476], [-71.9888, -10.9502], [-72.0001, -10.9536], [-72.0127, -10.9666], [-72.0168, -10.9803], [-72.0184, -10.9807], [-72.0199, -10.9767], [-72.0279, -10.9799], [-72.0338, -10.992], [-72.04, -10.9865], [-72.0415, -10.9819], [-72.0476, -10.982], [-72.0506, -10.9805], [-72.052, -10.9844], [-72.0482, -10.9882], [-72.0506, -10.9912], [-72.0737, -10.9907], [-72.0877, -11.0038], [-72.0912, -11.004], [-72.1016, -10.9937], [-72.1056, -10.993], [-72.1095, -10.996], [-72.1173, -10.9968], [-72.1229, -10.9945], [-72.1294, -10.9878], [-72.1369, -10.9857], [-72.1423, -10.9873], [-72.1478, -10.992], [-72.1543, -10.994], [-72.1554, -11.0016], [-72.1575, -11.0038], [-72.166, -11.0026], [-72.1725, -10.9968], [-72.1749, -10.9966], [-72.1826, -11.0075], [-72.1868, -11.0105], [-72.1941, -11.0087], [-72.2019, -11.0154], [-72.2038, -11.0213], [-72.206, -11.0224], [-72.2083, -11.0147], [-72.2164, -11.0129], [-72.2186, -11.0107], [-72.2196, -11.0035], [-72.2278, -10.9962], [-72.2339, -10.9782], [-72.2367, -10.9756], [-72.2477, -10.9767], [-72.2633, -10.9721], [-72.2797, -10.9775], [-72.2916, -10.9764], [-72.2964, -10.978], [-72.2994, -10.9759], [-72.3061, -10.9778], [-72.3159, -10.9645], [-72.3205, -10.9645], [-72.3271, -10.9608], [-72.3379, -10.9635], [-72.3478, -10.9693], [-72.354, -10.9684], [-72.359, -10.9665], [-72.3678, -10.9581], [-72.3753, -10.9549], [-72.39, -10.9416], [-72.3972, -10.9408], [-72.4023, -10.9252], [-72.4076, -10.9198], [-72.4026, -10.917], [-72.4023, -10.9151], [-72.4113, -10.908], [-72.4215, -10.9055], [-72.4234, -10.8955], [-72.4303, -10.8888], [-72.431, -10.8755], [-72.4328, -10.8697], [-72.4284, -10.8606], [-72.4329, -10.8464], [-72.4359, -10.8415], [-72.4461, -10.8334], [-72.4572, -10.8214], [-72.4705, -10.8043], [-72.4825, -10.7955], [-72.4866, -10.7874], [-72.4842, -10.7811], [-72.479, -10.7754], [-72.4816, -10.7668], [-72.4695, -10.7596], [-72.4666, -10.7486], [-72.4667, -10.743], [-72.4689, -10.7387], [-72.4683, -10.7261], [-72.4726, -10.7239], [-72.4798, -10.7252], [-72.4813, -10.7227], [-72.4741, -10.716], [-72.4676, -10.7134], [-72.4592, -10.7069], [-72.4611, -10.6967], [-72.4606, -10.6897], [-72.4644, -10.6825], [-72.4627, -10.6761], [-72.4556, -10.6703], [-72.455, -10.6621], [-72.4517, -10.6575], [-72.4513, -10.6513], [-72.444, -10.6361], [-72.4363, -10.6364], [-72.432, -10.6414], [-72.4302, -10.6473], [-72.4203, -10.6512], [-72.4066, -10.6493], [-72.4029, -10.6466], [-72.4086, -10.6167], [-72.4054, -10.6108], [-72.4001, -10.6103], [-72.3972, -10.6083], [-72.3936, -10.6009], [-72.3859, -10.5934], [-72.3859, -10.5893], [-72.3906, -10.5849], [-72.392, -10.5804], [-72.3914, -10.5724], [-72.3854, -10.5644], [-72.385, -10.5587], [-72.3793, -10.5473], [-72.3811, -10.5372], [-72.396, -10.5307], [-72.4018, -10.5263], [-72.4053, -10.521], [-72.4105, -10.5189], [-72.4185, -10.5116], [-72.4214, -10.5106], [-72.4382, -10.5139], [-72.4475, -10.5132], [-72.4658, -10.5064], [-72.4652, -10.504], [-72.4572, -10.5009], [-72.4526, -10.4962], [-72.4448, -10.4966], [-72.4384, -10.4927], [-72.4304, -10.4908], [-72.4249, -10.4862], [-72.4247, -10.4815], [-72.4214, -10.4806], [-72.42, -10.4766], [-72.417, -10.4743], [-72.4238, -10.4696], [-72.4237, -10.4654], [-72.4256, -10.4623], [-72.4227, -10.4454], [-72.4263, -10.4414], [-72.433, -10.438], [-72.4359, -10.4305], [-72.4523, -10.4155], [-72.4537, -10.412], [-72.4525, -10.4061], [-72.4603, -10.4021], [-72.4605, -10.3939], [-72.4711, -10.3884], [-72.4737, -10.3823], [-72.4799, -10.3784], [-72.4776, -10.3656], [-72.4713, -10.3556], [-72.4664, -10.352], [-72.4662, -10.3465], [-72.4667, -10.3433], [-72.4712, -10.3373], [-72.4797, -10.3316], [-72.4813, -10.3229], [-72.4837, -10.3194], [-72.4879, -10.3179], [-72.4886, -10.3131], [-72.4838, -10.3048], [-72.4749, -10.3024], [-72.4719, -10.2969], [-72.4643, -10.2906], [-72.4577, -10.2806], [-72.4585, -10.274], [-72.4573, -10.2707], [-72.4461, -10.26], [-72.446, -10.255], [-72.4362, -10.253], [-72.4326, -10.2455], [-72.428, -10.242], [-72.4165, -10.2283], [-72.4094, -10.229], [-72.4083, -10.2232], [-72.3996, -10.218], [-72.3888, -10.2152], [-72.3799, -10.2103], [-72.3682, -10.2094], [-72.3652, -10.2051], [-72.3662, -10.2023], [-72.3651, -10.2003], [-72.3579, -10.2001], [-72.3506, -10.1931], [-72.3451, -10.1918], [-72.3343, -10.1779], [-72.33, -10.1781], [-72.3245, -10.1828], [-72.3127, -10.1797], [-72.3068, -10.1846], [-72.3023, -10.186], [-72.2955, -10.1819], [-72.2926, -10.1817], [-72.2858, -10.1878], [-72.2697, -10.1864], [-72.259, -10.1893], [-72.252, -10.186], [-72.2449, -10.1884], [-72.2422, -10.1876], [-72.2366, -10.1812], [-72.2356, -10.1655], [-72.228, -10.161], [-72.2239, -10.1634], [-72.2205, -10.1632], [-72.2153, -10.1581], [-72.2126, -10.1587], [-72.2098, -10.1634], [-72.2039, -10.1613], [-72.1932, -10.166], [-72.1868, -10.1661], [-72.1776, -10.1636], [-72.1743, -10.1671], [-72.1677, -10.162], [-72.1624, -10.169], [-72.1591, -10.1682], [-72.1543, -10.1618], [-72.1522, -10.1525], [-72.1446, -10.144], [-72.141, -10.1364], [-72.1422, -10.1315], [-72.1468, -10.1291], [-72.1429, -10.1252], [-72.1423, -10.1196], [-72.1476, -10.1111], [-72.1563, -10.1016], [-72.1506, -10.095], [-72.147, -10.0946], [-72.1415, -10.0908], [-72.1468, -10.0809], [-72.1477, -10.0756], [-72.1581, -10.0664], [-72.1602, -10.0619], [-72.166, -10.0605], [-72.1712, -10.057], [-72.1794, -10.0563], [-72.1804, -10.0543], [-72.1776, -10.0502], [-72.1824, -10.0451], [-72.1836, -10.0407], [-72.1917, -10.0375], [-72.1907, -10.0326], [-72.1832, -10.0254], [-72.1859, -10.0192], [-72.181, -10.0163], [-72.1803, -10.0121], [-72.1775, -10.0084], [-72.1773, -10.0052], [-72.1803, -10.0002]]]]}}]}